code,name,category_code,tenant_code
ACH,Akron Children's Hospital,healthcare_provider,radiant
APH,Orlando Health Arnold Palmer Hospital,healthcare_provider,radiant
BCH,UCSF Benioff Children's Hospital,healthcare_provider,radiant
CHOA,Children's Hospital of Atlanta (CHOA),healthcare_provider,radiant
CHOP,The Children's Hospital of Philadelphia,healthcare_provider,radiant
CNM,CBTN Non-Consortium Member,healthcare_provider,radiant
CNMC,Children's National Medical Center (CNMC),healthcare_provider,radiant
DCH,Dayton Children's Hospital,healthcare_provider,radiant
DGD,DGD,healthcare_provider,radiant
HI,Hudson Institute,healthcare_provider,radiant
HMH,Hackensack,healthcare_provider,radiant
IPCH,Intermountain Primary Children's Hospital,healthcare_provider,radiant
JHACH,Johns Hopkins All Children's Hospital,healthcare_provider,radiant
JHM,Johns Hopkins Medicine,healthcare_provider,radiant
LCCC,UNC Lineberger Comprehensive Cancer Center,healthcare_provider,radiant
LCH,Lurie Children's Hospital,healthcare_provider,radiant
LPCH,Stanford Lucile Packard Children's Hospital,healthcare_provider,radiant
MCH,Meyer Children's Hospital,healthcare_provider,radiant
MFCH,Maria Fareri Children's Hospital at Westchester Medical Center,healthcare_provider,radiant
MOTT,University of Michigan C.S. Mott Children's Hospital,healthcare_provider,radiant
NA,Not Applicable,healthcare_provider,radiant
O,Oligo,healthcare_provider,radiant
OHSU,OHSU Doernbecher Children's Hospital,healthcare_provider,radiant
PNOC,PNOC,healthcare_provider,radiant
Pitt,University of Pittsburgh,healthcare_provider,radiant
SCH,Seattle Children's Hospital,healthcare_provider,radiant
UAB,UAB,healthcare_provider,radiant
UOI,University of Iowa,healthcare_provider,radiant
UPenn,Penn,healthcare_provider,radiant
WCMC,Weill Cornell Medical College,healthcare_provider,radiant
WFBMC,Wake Forest Baptist Medical Center,healthcare_provider,radiant
WUISL,Washington University in St. Louis,healthcare_provider,radiant
Azenta,Azenta,sequencing_center,radiant
Baylor,Baylor Genetics,sequencing_center,radiant
Broad,Broad Institute,sequencing_center,radiant
CGL,Genomic Clinical Core at Sidra Medical and Research Center,sequencing_center,radiant
CSIR,"CSIR - Institute of Genomics and Integrative Biology, Delhi, India",sequencing_center,radiant
GeneDx,GeneDx,sequencing_center,radiant
NantOmics,NantOmics,sequencing_center,radiant
Novogene,Novogene,sequencing_center,radiant
Variantyx,Variantyx,sequencing_center,radiant
NCH,Nicklaus Children's Hospital,healthcare_provider,radiant
NYU,NYU Langone Health,healthcare_provider,radiant
