INSERT INTO "document" (id, name, data_category_code, data_type_code, format_code, size, url, hash, created_on)
VALUES (1, 'FI0037662.S13230.cram', 'genomic', 'alignment', 'cram', 110187385978,
        's3://cqdg-prod-file-workspace/sarek/preprocessing/', '5d41402abc4b2a76b9719d911017c592', '2021-09-12T13:08:00-04:00'),
       (2, 'FI0037662.S13230.cram.crai', 'genomic', 'alignment', 'crai', 2453667,
        's3://cqdg-prod-file-workspace/sarek/preprocessing/', '5d41402abc4b2a76b9719d911017c593', '2021-09-12T13:08:00-04:00'),
       (3, 'FI0037665.S13228.cram', 'genomic', 'alignment', 'cram', 109940425359,
        's3://cqdg-prod-file-workspace/sarek/preprocessing/', '5d41402abc4b2a76b9719d911017c594', '2021-09-12T13:08:00-04:00'),
       (4, 'FI0037665.S13228.cram.crai', 'genomic', 'alignment', 'crai', 2527068,
        's3://cqdg-prod-file-workspace/sarek/preprocessing/', '5d41402abc4b2a76b9719d911017c595', '2021-09-12T13:08:00-04:00'),
       (5, 'FI0037681.S14748.cram', 'genomic', 'alignment', 'cram', 81937238589,
        's3://cqdg-prod-file-workspace/sarek/preprocessing/', '5d41402abc4b2a76b9719d911017c596', '2021-09-12T13:08:00-04:00'),
       (6, 'FI0037681.S14748.cram.crai', 'genomic', 'alignment', 'crai', 2065694,
        's3://cqdg-prod-file-workspace/sarek/preprocessing/', '5d41402abc4b2a76b9719d911017c597', '2021-09-12T13:08:00-04:00'),
       (7, 'FI0037690.S14746.cram', 'genomic', 'alignment', 'cram', 96668976414,
        's3://cqdg-prod-file-workspace/sarek/preprocessing/', '5d41402abc4b2a76b9719d911017c598', '2021-09-12T13:08:00-04:00'),
       (8, 'FI0037690.S14746.cram.crai', 'genomic', 'alignment', 'crai', 2663383,
        's3://cqdg-prod-file-workspace/sarek/preprocessing/', '5d41402abc4b2a76b9719d911017c599', '2021-09-12T13:08:00-04:00'),
       (9, 'FI0037693.S14750.cram', 'genomic', 'alignment', 'cram', 90387586744,
        's3://cqdg-prod-file-workspace/sarek/preprocessing/', '5d41402abc4b2a76b9719d911017c600', '2021-09-12T13:08:00-04:00'),
       (10, 'FI0037693.S14750.cram.crai', 'genomic', 'alignment', 'crai', 2380267,
        's3://cqdg-prod-file-workspace/sarek/preprocessing/', '5d41402abc4b2a76b9719d911017c601', '2021-09-12T13:08:00-04:00'),
       (11, 'FI0037694.S13231.cram', 'genomic', 'alignment', 'cram', 110241073070,
        's3://cqdg-prod-file-workspace/sarek/preprocessing/', '5d41402abc4b2a76b9719d911017c602', '2021-09-12T13:08:00-04:00'),
       (12, 'FI0037694.S13231.cram.crai', 'genomic', 'alignment', 'crai', 2548039,
        's3://cqdg-prod-file-workspace/sarek/preprocessing/', '5d41402abc4b2a76b9719d911017c603', '2021-09-12T13:08:00-04:00'),
       (13, 'FI0037695.S14692.cram', 'genomic', 'alignment', 'cram', 100920994037,
        's3://cqdg-prod-file-workspace/sarek/preprocessing/', '5d41402abc4b2a76b9719d911017c604', '2021-09-12T13:08:00-04:00'),
       (14, 'FI0037695.S14692.cram.crai', 'genomic', 'alignment', 'crai', 2128609,
        's3://cqdg-prod-file-workspace/sarek/preprocessing/', '5d41402abc4b2a76b9719d911017c605', '2021-09-12T13:08:00-04:00'),
       (15, 'FI0037698.S13238.cram', 'genomic', 'alignment', 'cram', 115491670589,
        's3://cqdg-prod-file-workspace/sarek/preprocessing/', '5d41402abc4b2a76b9719d911017c606', '2021-09-12T13:08:00-04:00'),
       (16, 'FI0037698.S13238.cram.crai', 'genomic', 'alignment', 'crai', 2820669,
        's3://cqdg-prod-file-workspace/sarek/preprocessing/', '5d41402abc4b2a76b9719d911017c607', '2021-09-12T13:08:00-04:00'),
       (17, 'FI0037699.S14743.cram', 'genomic', 'alignment', 'cram', 85308787916,
        's3://cqdg-prod-file-workspace/sarek/preprocessing/', '5d41402abc4b2a76b9719d911017c608', '2021-09-12T13:08:00-04:00'),
       (18, 'FI0037699.S14743.cram.crai', 'genomic', 'alignment', 'crai', 2306867,
        's3://cqdg-prod-file-workspace/sarek/preprocessing/', '5d41402abc4b2a76b9719d911017c609', '2021-09-12T13:08:00-04:00'),
       (19, 'FI0037700.S14732.cram', 'genomic', 'alignment', 'cram', 119035018608,
        's3://cqdg-prod-file-workspace/sarek/preprocessing/', '5d41402abc4b2a76b9719d911017c610', '2021-09-12T13:08:00-04:00'),
       (20, 'FI0037700.S14732.cram.crai', 'genomic', 'alignment', 'crai', 2537553,
        's3://cqdg-prod-file-workspace/sarek/preprocessing/', '5d41402abc4b2a76b9719d911017c611', '2021-09-12T13:08:00-04:00'),
       (21, 'FI0037702.S13229.cram', 'genomic', 'alignment', 'cram', 91235842785,
        's3://cqdg-prod-file-workspace/sarek/preprocessing/', '5d41402abc4b2a76b9719d911017c612', '2021-09-12T13:08:00-04:00'),
       (22, 'FI0037702.S13229.cram.crai', 'genomic', 'alignment', 'crai', 2002780,
        's3://cqdg-prod-file-workspace/sarek/preprocessing/', '5d41402abc4b2a76b9719d911017c613', '2021-09-12T13:08:00-04:00'),
       (23, 'FI0037704.S13232.cram', 'genomic', 'alignment', 'cram', 107911053312,
        's3://cqdg-prod-file-workspace/sarek/preprocessing/', '5d41402abc4b2a76b9719d911017c614', '2021-09-12T13:08:00-04:00'),
       (24, 'FI0037704.S13232.cram.crai', 'genomic', 'alignment', 'crai', 2348810,
        's3://cqdg-prod-file-workspace/sarek/preprocessing/', '5d41402abc4b2a76b9719d911017c615', '2021-09-12T13:08:00-04:00'),
       (25, 'FI0037707.S14135.cram', 'genomic', 'alignment', 'cram', 96239479685,
        's3://cqdg-prod-file-workspace/sarek/preprocessing/', '5d41402abc4b2a76b9719d911017c616', '2021-09-12T13:08:00-04:00'),
       (26, 'FI0037707.S14135.cram.crai', 'genomic', 'alignment', 'crai', 2747269,
        's3://cqdg-prod-file-workspace/sarek/preprocessing/', '5d41402abc4b2a76b9719d911017c617', '2021-09-12T13:08:00-04:00'),
       (27, 'NA12878.recal.cram', 'genomic', 'alignment', 'cram', 118444460605,
        's3://cqdg-prod-file-workspace/sarek/preprocessing/recalibrated/NA12878/NA12878.recal.cram',
        '5d41402abc4b2a76b9719d911017c618', '2021-09-12T13:08:00-04:00'),
       (28, 'NA12878.recal.crai', 'genomic', 'alignment', 'crai', 2579496,
        's3://cqdg-prod-file-workspace/sarek/preprocessing/recalibrated/NA12878/NA12878.recal.crai',
        '5d41402abc4b2a76b9719d911017c619', '2021-09-12T13:08:00-04:00'),
       (29, 'FI0037713.S14752.cram', 'genomic', 'alignment', 'cram', 81615116042,
        's3://cqdg-prod-file-workspace/sarek/preprocessing/', '5d41402abc4b2a76b9719d911017c620', '2021-09-12T13:08:00-04:00'),
       (30, 'FI0037713.S14752.cram.crai', 'genomic', 'alignment', 'crai', 2327838,
        's3://cqdg-prod-file-workspace/sarek/preprocessing/', '5d41402abc4b2a76b9719d911017c621', '2021-09-12T13:08:00-04:00'),
       (31, 'FI0037715.S14788.cram', 'genomic', 'alignment', 'cram', 82302310809,
        's3://cqdg-prod-file-workspace/sarek/preprocessing/', '5d41402abc4b2a76b9719d911017c622', '2021-09-12T13:08:00-04:00'),
       (32, 'FI0037715.S14788.cram.crai', 'genomic', 'alignment', 'crai', 2254438,
        's3://cqdg-prod-file-workspace/sarek/preprocessing/', '5d41402abc4b2a76b9719d911017c623', '2021-09-12T13:08:00-04:00'),
       (33, 'FI0037721.S13236.cram', 'genomic', 'alignment', 'cram', 72434623447,
        's3://cqdg-prod-file-workspace/sarek/preprocessing/', '5d41402abc4b2a76b9719d911017c624', '2021-09-12T13:08:00-04:00'),
       (34, 'FI0037721.S13236.cram.crai', 'genomic', 'alignment', 'crai', 1855979,
        's3://cqdg-prod-file-workspace/sarek/preprocessing/', '5d41402abc4b2a76b9719d911017c625', '2021-09-12T13:08:00-04:00'),
       (35, 'FI0037722.S14132.cram', 'genomic', 'alignment', 'cram', 72252087336,
        's3://cqdg-prod-file-workspace/sarek/preprocessing/', '5d41402abc4b2a76b9719d911017c626', '2021-09-12T13:08:00-04:00'),
       (36, 'FI0037722.S14132.cram.crai', 'genomic', 'alignment', 'crai', 2264924,
        's3://cqdg-prod-file-workspace/sarek/preprocessing/', '5d41402abc4b2a76b9719d911017c627', '2021-09-12T13:08:00-04:00'),
       (37, 'FI0037724.S14730.cram', 'genomic', 'alignment', 'cram', 107320495308,
        's3://cqdg-prod-file-workspace/sarek/preprocessing/', '5d41402abc4b2a76b9719d911017c628', '2021-09-12T13:08:00-04:00'),
       (38, 'FI0037724.S14730.cram.crai', 'genomic', 'alignment', 'crai', 2306867,
        's3://cqdg-prod-file-workspace/sarek/preprocessing/', '5d41402abc4b2a76b9719d911017c629', '2021-09-12T13:08:00-04:00'),
       (39, 'FI0037725.S14030.cram', 'genomic', 'alignment', 'cram', 107245333381,
        's3://cqdg-prod-file-workspace/sarek/preprocessing/', '5d41402abc4b2a76b9719d911017c630', '2021-09-12T13:08:00-04:00'),
       (40, 'FI0037725.S14030.cram.crai', 'genomic', 'alignment', 'crai', 2264924,
        's3://cqdg-prod-file-workspace/sarek/preprocessing/', '5d41402abc4b2a76b9719d911017c631', '2021-09-12T13:08:00-04:00'),
       (41, 'FI0037727.S14751.cram', 'genomic', 'alignment', 'cram', 89227945574,
        's3://cqdg-prod-file-workspace/sarek/preprocessing/', '5d41402abc4b2a76b9719d911017c632', '2021-09-12T13:08:00-04:00'),
       (42, 'FI0037727.S14751.cram.crai', 'genomic', 'alignment', 'crai', 2589982,
        's3://cqdg-prod-file-workspace/sarek/preprocessing/', '5d41402abc4b2a76b9719d911017c633', '2021-09-12T13:08:00-04:00'),
       (43, 'FI0037729.S14133.cram', 'genomic', 'alignment', 'cram', 82431159828,
        's3://cqdg-prod-file-workspace/sarek/preprocessing/', '5d41402abc4b2a76b9719d911017c634', '2021-09-12T13:08:00-04:00'),
       (44, 'FI0037729.S14133.cram.crai', 'genomic', 'alignment', 'crai', 2558525,
        's3://cqdg-prod-file-workspace/sarek/preprocessing/', '5d41402abc4b2a76b9719d911017c635', '2021-09-12T13:08:00-04:00'),
       (45, 'FI0037731.S14756.cram', 'genomic', 'alignment', 'cram', 90774133800,
        's3://cqdg-prod-file-workspace/sarek/preprocessing/', '5d41402abc4b2a76b9719d911017c636', '2021-09-12T13:08:00-04:00'),
       (46, 'FI0037731.S14756.cram.crai', 'genomic', 'alignment', 'crai', 2537553,
        's3://cqdg-prod-file-workspace/sarek/preprocessing/', '5d41402abc4b2a76b9719d911017c637', '2021-09-12T13:08:00-04:00'),
       (47, 'FI0037732.S14857.cram', 'genomic', 'alignment', 'cram', 102778567393,
        's3://cqdg-prod-file-workspace/sarek/preprocessing/', '5d41402abc4b2a76b9719d911017c638', '2021-09-12T13:08:00-04:00'),
       (48, 'FI0037732.S14857.cram.crai', 'genomic', 'alignment', 'crai', 2222981,
        's3://cqdg-prod-file-workspace/sarek/preprocessing/', '5d41402abc4b2a76b9719d911017c639', '2021-09-12T13:08:00-04:00'),
       (49, 'FI0037733.S14758.cram', 'genomic', 'alignment', 'cram', 76203457249,
        's3://cqdg-prod-file-workspace/sarek/preprocessing/', '5d41402abc4b2a76b9719d911017c640', '2021-09-12T13:08:00-04:00'),
       (50, 'FI0037733.S14758.cram.crai', 'genomic', 'alignment', 'crai', 2076180,
        's3://cqdg-prod-file-workspace/sarek/preprocessing/', '5d41402abc4b2a76b9719d911017c641', '2021-09-12T13:08:00-04:00'),
       (51, 'FI0037734.S14050.cram', 'genomic', 'alignment', 'cram', 112936165048,
        's3://cqdg-prod-file-workspace/sarek/preprocessing/', '5d41402abc4b2a76b9719d911017c642', '2021-09-12T13:08:00-04:00'),
       (52, 'FI0037734.S14050.cram.crai', 'genomic', 'alignment', 'crai', 2485125,
        's3://cqdg-prod-file-workspace/sarek/preprocessing/', '5d41402abc4b2a76b9719d911017c643', '2021-09-12T13:08:00-04:00'),
       (53, 'FI0037738.S14131.cram', 'genomic', 'alignment', 'cram', 79392470466,
        's3://cqdg-prod-file-workspace/sarek/preprocessing/', '5d41402abc4b2a76b9719d911017c644', '2021-09-12T13:08:00-04:00'),
       (54, 'FI0037738.S14131.cram.crai', 'genomic', 'alignment', 'crai', 2390753,
        's3://cqdg-prod-file-workspace/sarek/preprocessing/', '5d41402abc4b2a76b9719d911017c645', '2021-09-12T13:08:00-04:00'),
       (55, 'FI0037745.S14711.cram', 'genomic', 'alignment', 'cram', 110477296271,
        's3://cqdg-prod-file-workspace/sarek/preprocessing/', '5d41402abc4b2a76b9719d911017c646', '2021-09-12T13:08:00-04:00'),
       (56, 'FI0037745.S14711.cram.crai', 'genomic', 'alignment', 'crai', 2359296,
        's3://cqdg-prod-file-workspace/sarek/preprocessing/', '5d41402abc4b2a76b9719d911017c647', '2021-09-12T13:08:00-04:00'),
       (57, 'FI0037747.S14138.cram', 'genomic', 'alignment', 'cram', 87381109637,
        's3://cqdg-prod-file-workspace/sarek/preprocessing/', '5d41402abc4b2a76b9719d911017c648', '2021-09-12T13:08:00-04:00'),
       (58, 'FI0037747.S14138.cram.crai', 'genomic', 'alignment', 'crai', 2369781,
        's3://cqdg-prod-file-workspace/sarek/preprocessing/', '5d41402abc4b2a76b9719d911017c649', '2021-09-12T13:08:00-04:00'),
       (59, 'FI0037755.S14858.cram', 'genomic', 'alignment', 'cram', 103970420817,
        's3://cqdg-prod-file-workspace/sarek/preprocessing/', '5d41402abc4b2a76b9719d911017c650', '2021-09-12T13:08:00-04:00'),
       (60, 'FI0037755.S14858.cram.crai', 'genomic', 'alignment', 'crai', 2243952,
        's3://cqdg-prod-file-workspace/sarek/preprocessing/', '5d41402abc4b2a76b9719d911017c651', '2021-09-12T13:08:00-04:00'),
       (61, 'NA12892.recal.cram', 'genomic', 'alignment', 'cram', 105087112314,
        's3://cqdg-prod-file-workspace/sarek/preprocessing/recalibrated/NA12892/NA12892.recal.cram',
        '5d41402abc4b2a76b9719d911017c652', '2021-09-12T13:08:00-04:00'),
       (62, 'NA12892.recal.crai', 'genomic', 'alignment', 'crai', 2474639,
        's3://cqdg-prod-file-workspace/sarek/preprocessing/recalibrated/NA12892/NA12892.recal.crai',
        '5d41402abc4b2a76b9719d911017c653', '2021-09-12T13:08:00-04:00'),
       (63, 'FI0037766.S14747.cram', 'genomic', 'alignment', 'cram', 67881958113,
        's3://cqdg-prod-file-workspace/sarek/preprocessing/', '5d41402abc4b2a76b9719d911017c654', '2021-09-12T13:08:00-04:00'),
       (64, 'FI0037766.S14747.cram.crai', 'genomic', 'alignment', 'crai', 1887436,
        's3://cqdg-prod-file-workspace/sarek/preprocessing/', '5d41402abc4b2a76b9719d911017c655', '2021-09-12T13:08:00-04:00'),
       (65, 'FI0037767.S14691.cram', 'genomic', 'alignment', 'cram', 127259880980,
        's3://cqdg-prod-file-workspace/sarek/preprocessing/', '5d41402abc4b2a76b9719d911017c656', '2021-09-12T13:08:00-04:00'),
       (66, 'FI0037767.S14691.cram.crai', 'genomic', 'alignment', 'crai', 2726297,
        's3://cqdg-prod-file-workspace/sarek/preprocessing/', '5d41402abc4b2a76b9719d911017c657', '2021-09-12T13:08:00-04:00'),
       (67, 'FI0037772.S14712.cram', 'genomic', 'alignment', 'cram', 162553774735,
        's3://cqdg-prod-file-workspace/sarek/preprocessing/', '5d41402abc4b2a76b9719d911017c658', '2021-09-12T13:08:00-04:00'),
       (68, 'FI0037772.S14712.cram.crai', 'genomic', 'alignment', 'crai', 3491758,
        's3://cqdg-prod-file-workspace/sarek/preprocessing/', '5d41402abc4b2a76b9719d911017c659', '2021-09-12T13:08:00-04:00'),
       (69, 'FI0037775.S13235.cram', 'genomic', 'alignment', 'cram', 91600915005,
        's3://cqdg-prod-file-workspace/sarek/preprocessing/', '5d41402abc4b2a76b9719d911017c660', '2021-09-12T13:08:00-04:00'),
       (70, 'FI0037775.S13235.cram.crai', 'genomic', 'alignment', 'crai', 2160066,
        's3://cqdg-prod-file-workspace/sarek/preprocessing/', '5d41402abc4b2a76b9719d911017c661', '2021-09-12T13:08:00-04:00'),
       (71, 'FI0037776.S14757.cram', 'genomic', 'alignment', 'cram', 83021717831,
        's3://cqdg-prod-file-workspace/sarek/preprocessing/', '5d41402abc4b2a76b9719d911017c662', '2021-09-12T13:08:00-04:00'),
       (72, 'FI0037776.S14757.cram.crai', 'genomic', 'alignment', 'crai', 2443182,
        's3://cqdg-prod-file-workspace/sarek/preprocessing/', '5d41402abc4b2a76b9719d911017c663', '2021-09-12T13:08:00-04:00'),
       (73, 'FI0037778.S14136.cram', 'genomic', 'alignment', 'cram', 64832531333,
        's3://cqdg-prod-file-workspace/sarek/preprocessing/', '5d41402abc4b2a76b9719d911017c664', '2021-09-12T13:08:00-04:00'),
       (74, 'FI0037778.S14136.cram.crai', 'genomic', 'alignment', 'crai', 1960837,
        's3://cqdg-prod-file-workspace/sarek/preprocessing/', '5d41402abc4b2a76b9719d911017c665', '2021-09-12T13:08:00-04:00'),
       (75, 'FI0037782.S14029.cram', 'genomic', 'alignment', 'cram', 132467528826,
        's3://cqdg-prod-file-workspace/sarek/preprocessing/', '5d41402abc4b2a76b9719d911017c666', '2021-09-12T13:08:00-04:00'),
       (76, 'FI0037782.S14029.cram.crai', 'genomic', 'alignment', 'crai', 2820669,
        's3://cqdg-prod-file-workspace/sarek/preprocessing/', '5d41402abc4b2a76b9719d911017c667', '2021-09-12T13:08:00-04:00'),
       (77, 'FI0037786.S13234.cram', 'genomic', 'alignment', 'cram', 98923834245,
        's3://cqdg-prod-file-workspace/sarek/preprocessing/', '5d41402abc4b2a76b9719d911017c668', '2021-09-12T13:08:00-04:00'),
       (78, 'FI0037786.S13234.cram.crai', 'genomic', 'alignment', 'crai', 2401239,
        's3://cqdg-prod-file-workspace/sarek/preprocessing/', '5d41402abc4b2a76b9719d911017c669', '2021-09-12T13:08:00-04:00'),
       (79, 'FI0037789.S14744.cram', 'genomic', 'alignment', 'cram', 96615289323,
        's3://cqdg-prod-file-workspace/sarek/preprocessing/', '5d41402abc4b2a76b9719d911017c670', '2021-09-12T13:08:00-04:00'),
       (80, 'FI0037789.S14744.cram.crai', 'genomic', 'alignment', 'crai', 2600468,
        's3://cqdg-prod-file-workspace/sarek/preprocessing/', '5d41402abc4b2a76b9719d911017c671', '2021-09-12T13:08:00-04:00'),
       (81, 'FI0037798.S14745.cram', 'genomic', 'alignment', 'cram', 88980984954,
        's3://cqdg-prod-file-workspace/sarek/preprocessing/', '5d41402abc4b2a76b9719d911017c672', '2021-09-12T13:08:00-04:00'),
       (82, 'FI0037798.S14745.cram.crai', 'genomic', 'alignment', 'crai', 2527068,
        's3://cqdg-prod-file-workspace/sarek/preprocessing/', '5d41402abc4b2a76b9719d911017c673', '2021-09-12T13:08:00-04:00'),
       (83, 'FI0037801.S14859.cram', 'genomic', 'alignment', 'cram', 110391396925,
        's3://cqdg-prod-file-workspace/sarek/preprocessing/', '5d41402abc4b2a76b9719d911017c674', '2021-09-12T13:08:00-04:00'),
       (84, 'FI0037801.S14859.cram.crai', 'genomic', 'alignment', 'crai', 2359296,
        's3://cqdg-prod-file-workspace/sarek/preprocessing/', '5d41402abc4b2a76b9719d911017c675', '2021-09-12T13:08:00-04:00'),
       (85, 'NA12891.recal.cram', 'genomic', 'alignment', 'cram', 104238856273,
        's3://cqdg-prod-file-workspace/sarek/preprocessing/recalibrated/NA12891/NA12891.recal.cram',
        '5d41402abc4b2a76b9719d911017c676', '2021-09-12T13:08:00-04:00'),
       (86, 'NA12891.recal.crai', 'genomic', 'alignment', 'crai', 2306867,
        's3://cqdg-prod-file-workspace/sarek/preprocessing/recalibrated/NA12891/NA12891.recal.crai',
        '5d41402abc4b2a76b9719d911017c677', '2021-09-12T13:08:00-04:00'),
       (87, 'FI0037808.S14137.cram', 'genomic', 'alignment', 'cram', 90709709291,
        's3://cqdg-prod-file-workspace/sarek/preprocessing/', '5d41402abc4b2a76b9719d911017c678', '2021-09-12T13:08:00-04:00'),
       (88, 'FI0037808.S14137.cram.crai', 'genomic', 'alignment', 'crai', 2443182,
        's3://cqdg-prod-file-workspace/sarek/preprocessing/', '5d41402abc4b2a76b9719d911017c679', '2021-09-12T13:08:00-04:00'),
       (89, 'HG00513.recal.cram', 'genomic', 'alignment', 'cram', 115212497715,
        's3://cqdg-prod-file-workspace/sarek/preprocessing/recalibrated/HG00513/HG00513.recal.cram',
        '5d41402abc4b2a76b9719d911017c680', '2021-09-12T13:08:00-04:00'),
       (90, 'HG00513.recal.crai', 'genomic', 'alignment', 'crai', 2956984,
        's3://cqdg-prod-file-workspace/sarek/preprocessing/recalibrated/HG00513/HG00513.recal.crai',
        '5d41402abc4b2a76b9719d911017c681', '2021-09-12T13:08:00-04:00'),
       (91, 'FI0037813.S14742.cram', 'genomic', 'alignment', 'cram', 85555748536,
        's3://cqdg-prod-file-workspace/sarek/preprocessing/', '5d41402abc4b2a76b9719d911017c682', '2021-09-12T13:08:00-04:00'),
       (92, 'FI0037813.S14742.cram.crai', 'genomic', 'alignment', 'crai', 2317352,
        's3://cqdg-prod-file-workspace/sarek/preprocessing/', '5d41402abc4b2a76b9719d911017c683', '2021-09-12T13:08:00-04:00'),
       (93, 'FI0037816.S14049.cram', 'genomic', 'alignment', 'cram', 101221641748,
        's3://cqdg-prod-file-workspace/sarek/preprocessing/', '5d41402abc4b2a76b9719d911017c684', '2021-09-12T13:08:00-04:00'),
       (94, 'FI0037816.S14049.cram.crai', 'genomic', 'alignment', 'crai', 2222981,
        's3://cqdg-prod-file-workspace/sarek/preprocessing/', '5d41402abc4b2a76b9719d911017c685', '2021-09-12T13:08:00-04:00'),
       (95, 'FI0037818.S13233.cram', 'genomic', 'alignment', 'cram', 91944512389,
        's3://cqdg-prod-file-workspace/sarek/preprocessing/', '5d41402abc4b2a76b9719d911017c686', '2021-09-12T13:08:00-04:00'),
       (96, 'FI0037818.S13233.cram.crai', 'genomic', 'alignment', 'crai', 2233466,
        's3://cqdg-prod-file-workspace/sarek/preprocessing/', '5d41402abc4b2a76b9719d911017c687', '2021-09-12T13:08:00-04:00'),
       (97, 'FI0037827.S14031.cram', 'genomic', 'alignment', 'cram', 132821863628,
        's3://cqdg-prod-file-workspace/sarek/preprocessing/', '5d41402abc4b2a76b9719d911017c688', '2021-09-12T13:08:00-04:00'),
       (98, 'FI0037827.S14031.cram.crai', 'genomic', 'alignment', 'crai', 2820669,
        's3://cqdg-prod-file-workspace/sarek/preprocessing/', '5d41402abc4b2a76b9719d911017c689', '2021-09-12T13:08:00-04:00'),
       (99, 'FI0037829.S13227.cram', 'genomic', 'alignment', 'cram', 88068304404,
        's3://cqdg-prod-file-workspace/sarek/preprocessing/', '5d41402abc4b2a76b9719d911017c690', '2021-09-12T13:08:00-04:00'),
       (100, 'FI0037829.S13227.cram.crai', 'genomic', 'alignment', 'crai', 1939865,
        's3://cqdg-prod-file-workspace/sarek/preprocessing/', '5d41402abc4b2a76b9719d911017c691', '2021-09-12T13:08:00-04:00'),
       (101, 'FI0037830.S14731.cram', 'genomic', 'alignment', 'cram', 107331232727,
        's3://cqdg-prod-file-workspace/sarek/preprocessing/', '5d41402abc4b2a76b9719d911017c692', '2021-09-12T13:08:00-04:00'),
       (102, 'FI0037830.S14731.cram.crai', 'genomic', 'alignment', 'crai', 2317352,
        's3://cqdg-prod-file-workspace/sarek/preprocessing/', '5d41402abc4b2a76b9719d911017c693', '2021-09-12T13:08:00-04:00'),
       (103, 'FI0037833.S14693.cram', 'genomic', 'alignment', 'cram', 124543314165,
        's3://cqdg-prod-file-workspace/sarek/preprocessing/', '5d41402abc4b2a76b9719d911017c694', '2021-09-12T13:08:00-04:00'),
       (104, 'FI0037833.S14693.cram.crai', 'genomic', 'alignment', 'crai', 2432696,
        's3://cqdg-prod-file-workspace/sarek/preprocessing/', '5d41402abc4b2a76b9719d911017c695', '2021-09-12T13:08:00-04:00'),
       (105, 'FI0037835.S13237.cram', 'genomic', 'alignment', 'cram', 83408264888,
        's3://cqdg-prod-file-workspace/sarek/preprocessing/', '5d41402abc4b2a76b9719d911017c696', '2021-09-12T13:08:00-04:00'),
       (106, 'FI0037835.S13237.cram.crai', 'genomic', 'alignment', 'crai', 2128609,
        's3://cqdg-prod-file-workspace/sarek/preprocessing/', '5d41402abc4b2a76b9719d911017c697', '2021-09-12T13:08:00-04:00'),
       (107, 'FI0037843.S14713.cram', 'genomic', 'alignment', 'cram', 112624779919,
        's3://cqdg-prod-file-workspace/sarek/preprocessing/', '5d41402abc4b2a76b9719d911017c698', '2021-09-12T13:08:00-04:00'),
       (108, 'FI0037843.S14713.cram.crai', 'genomic', 'alignment', 'crai', 2411724,
        's3://cqdg-prod-file-workspace/sarek/preprocessing/', '5d41402abc4b2a76b9719d911017c699', '2021-09-12T13:08:00-04:00'),
       (109, 'FI0037845.S14048.cram', 'genomic', 'alignment', 'cram', 131576323112,
        's3://cqdg-prod-file-workspace/sarek/preprocessing/', '5d41402abc4b2a76b9719d911017c700', '2021-09-12T13:08:00-04:00'),
       (110, 'FI0037845.S14048.cram.crai', 'genomic', 'alignment', 'crai', 2873098,
        's3://cqdg-prod-file-workspace/sarek/preprocessing/', '5d41402abc4b2a76b9719d911017c701', '2021-09-12T13:08:00-04:00'),
       (111, 'FI0037847.S14787.cram', 'genomic', 'alignment', 'cram', 102617506119,
        's3://cqdg-prod-file-workspace/sarek/preprocessing/', '5d41402abc4b2a76b9719d911017c702', '2021-09-12T13:08:00-04:00'),
       (112, 'FI0037847.S14787.cram.crai', 'genomic', 'alignment', 'crai', 2705326,
        's3://cqdg-prod-file-workspace/sarek/preprocessing/', '5d41402abc4b2a76b9719d911017c703', '2021-09-12T13:08:00-04:00'),
       (113, 'FI0037849.S14741.cram', 'genomic', 'alignment', 'cram', 87928717967,
        's3://cqdg-prod-file-workspace/sarek/preprocessing/', '5d41402abc4b2a76b9719d911017c704', '2021-09-12T13:08:00-04:00'),
       (114, 'FI0037849.S14741.cram.crai', 'genomic', 'alignment', 'crai', 2317352,
        's3://cqdg-prod-file-workspace/sarek/preprocessing/', '5d41402abc4b2a76b9719d911017c705', '2021-09-12T13:08:00-04:00'),
       (115, 'FI0037850.S14134.cram', 'genomic', 'alignment', 'cram', 98762772971,
        's3://cqdg-prod-file-workspace/sarek/preprocessing/', '5d41402abc4b2a76b9719d911017c706', '2021-09-12T13:08:00-04:00'),
       (116, 'FI0037850.S14134.cram.crai', 'genomic', 'alignment', 'crai', 2778726,
        's3://cqdg-prod-file-workspace/sarek/preprocessing/', '5d41402abc4b2a76b9719d911017c707', '2021-09-12T13:08:00-04:00'),
       (117, 'FI0037851.S14139.cram', 'genomic', 'alignment', 'cram', 84449794457,
        's3://cqdg-prod-file-workspace/sarek/preprocessing/', '5d41402abc4b2a76b9719d911017c708', '2021-09-12T13:08:00-04:00'),
       (118, 'FI0037851.S14139.cram.crai', 'genomic', 'alignment', 'crai', 2411724,
        's3://cqdg-prod-file-workspace/sarek/preprocessing/', '5d41402abc4b2a76b9719d911017c709', '2021-09-12T13:08:00-04:00'),
       (119, 'FI0037857.S14749.cram', 'genomic', 'alignment', 'cram', 91880087879,
        's3://cqdg-prod-file-workspace/sarek/preprocessing/', '5d41402abc4b2a76b9719d911017c710', '2021-09-12T13:08:00-04:00'),
       (120, 'FI0037857.S14749.cram.crai', 'genomic', 'alignment', 'crai', 2390753,
        's3://cqdg-prod-file-workspace/sarek/preprocessing/', '5d41402abc4b2a76b9719d911017c711', '2021-09-12T13:08:00-04:00'),
       (121, 'FI0037858.S14786.cram', 'genomic', 'alignment', 'cram', 88809186263,
        's3://cqdg-prod-file-workspace/sarek/preprocessing/', '5d41402abc4b2a76b9719d911017c712', '2021-09-12T13:08:00-04:00'),
       (122, 'FI0037858.S14786.cram.crai', 'genomic', 'alignment', 'crai', 2841640,
        's3://cqdg-prod-file-workspace/sarek/preprocessing/', '5d41402abc4b2a76b9719d911017c713', '2021-09-12T13:08:00-04:00'),
       (123, 'FI0037862.S14747.vcf.gz', 'genomic', 'snv', 'vcf', 302650490,
        's3://cqdg-prod-file-workspace/sarek/preprocessing/', '5d41402abc4b2a76b9719d911017c714', '2021-09-12T13:08:00-04:00'),
       (124, 'FI0037862.S14747.vcf.gz.tbi', 'genomic', 'snv', 'tbi', 2411724,
        's3://cqdg-prod-file-workspace/sarek/preprocessing/', '5d41402abc4b2a76b9719d911017c715', '2021-09-12T13:08:00-04:00'),
       (125, 'FI0037863.S14693.vcf.gz', 'genomic', 'snv', 'vcf', 301518028,
        's3://cqdg-prod-file-workspace/sarek/preprocessing/', '5d41402abc4b2a76b9719d911017c716', '2021-09-12T13:08:00-04:00'),
       (126, 'FI0037863.S14693.vcf.gz.tbi', 'genomic', 'snv', 'tbi', 2411724,
        's3://cqdg-prod-file-workspace/sarek/preprocessing/', '5d41402abc4b2a76b9719d911017c717', '2021-09-12T13:08:00-04:00'),
       (127, 'FI0037864.S13228.vcf.gz', 'genomic', 'snv', 'vcf', 306718965,
        's3://cqdg-prod-file-workspace/sarek/preprocessing/', '5d41402abc4b2a76b9719d911017c718', '2021-09-12T13:08:00-04:00'),
       (128, 'FI0037864.S13228.vcf.gz.tbi', 'genomic', 'snv', 'tbi', 2422210,
        's3://cqdg-prod-file-workspace/sarek/preprocessing/', '5d41402abc4b2a76b9719d911017c719', '2021-09-12T13:08:00-04:00'),
       (129, 'FI0037865.S14743.vcf.gz', 'genomic', 'snv', 'vcf', 325488476,
        's3://cqdg-prod-file-workspace/sarek/preprocessing/', '5d41402abc4b2a76b9719d911017c720', '2021-09-12T13:08:00-04:00'),
       (130, 'FI0037865.S14743.vcf.gz.tbi', 'genomic', 'snv', 'tbi', 2432696,
        's3://cqdg-prod-file-workspace/sarek/preprocessing/', '5d41402abc4b2a76b9719d911017c721', '2021-09-12T13:08:00-04:00'),
       (131, 'FI0037866.S14757.vcf.gz', 'genomic', 'snv', 'vcf', 384963706,
        's3://cqdg-prod-file-workspace/sarek/preprocessing/', '5d41402abc4b2a76b9719d911017c722', '2021-09-12T13:08:00-04:00'),
       (132, 'FI0037866.S14757.vcf.gz.tbi', 'genomic', 'snv', 'tbi', 2453667,
        's3://cqdg-prod-file-workspace/sarek/preprocessing/', '5d41402abc4b2a76b9719d911017c723', '2021-09-12T13:08:00-04:00'),
       (133, 'FI0037867.S14746.vcf.gz', 'genomic', 'snv', 'vcf', 315914977,
        's3://cqdg-prod-file-workspace/sarek/preprocessing/', '5d41402abc4b2a76b9719d911017c724', '2021-09-12T13:08:00-04:00'),
       (134, 'FI0037867.S14746.vcf.gz.tbi', 'genomic', 'snv', 'tbi', 2432696,
        's3://cqdg-prod-file-workspace/sarek/preprocessing/', '5d41402abc4b2a76b9719d911017c725', '2021-09-12T13:08:00-04:00'),
       (135, 'CEPH-1463.exomiser.vcf.gz', 'genomic', 'snv', 'vcf', 303866839,
        's3://cqdg-prod-file-workspace/Postprocessing/exomiser/CEPH-1463.exomiser.vcf.gz',
        '5d41402abc4b2a76b9719d911017c726', '2021-09-12T13:08:00-04:00'),
       (136, 'CEPH-1463.exomiser.vcf.gz.tbi', 'genomic', 'snv', 'tbi', 2422210,
        's3://cqdg-prod-file-workspace/Postprocessing/exomiser/CEPH-1463.exomiser.vcf.gz.tbi',
        '5d41402abc4b2a76b9719d911017c727', '2021-09-12T13:08:00-04:00'),
       (137, 'FI0037869.S14741.vcf.gz', 'genomic', 'snv', 'vcf', 330647470,
        's3://cqdg-prod-file-workspace/sarek/preprocessing/', '5d41402abc4b2a76b9719d911017c728', '2021-09-12T13:08:00-04:00'),
       (138, 'FI0037869.S14741.vcf.gz.tbi', 'genomic', 'snv', 'tbi', 2443182,
        's3://cqdg-prod-file-workspace/sarek/preprocessing/', '5d41402abc4b2a76b9719d911017c729', '2021-09-12T13:08:00-04:00'),
       (139, 'FI0037870.S14745.vcf.gz', 'genomic', 'snv', 'vcf', 320822312,
        's3://cqdg-prod-file-workspace/sarek/preprocessing/', '5d41402abc4b2a76b9719d911017c730', '2021-09-12T13:08:00-04:00'),
       (140, 'FI0037870.S14745.vcf.gz.tbi', 'genomic', 'snv', 'tbi', 2432696,
        's3://cqdg-prod-file-workspace/sarek/preprocessing/', '5d41402abc4b2a76b9719d911017c731', '2021-09-12T13:08:00-04:00'),
       (141, 'FI0037872.S14732.vcf.gz', 'genomic', 'snv', 'vcf', 305198530,
        's3://cqdg-prod-file-workspace/sarek/preprocessing/', '5d41402abc4b2a76b9719d911017c732', '2021-09-12T13:08:00-04:00'),
       (142, 'FI0037872.S14732.vcf.gz.tbi', 'genomic', 'snv', 'tbi', 2411724,
        's3://cqdg-prod-file-workspace/sarek/preprocessing/', '5d41402abc4b2a76b9719d911017c733', '2021-09-12T13:08:00-04:00'),
       (143, 'FI0037873.S14731.vcf.gz', 'genomic', 'snv', 'vcf', 306173706,
        's3://cqdg-prod-file-workspace/sarek/preprocessing/', '5d41402abc4b2a76b9719d911017c734', '2021-09-12T13:08:00-04:00'),
       (144, 'FI0037873.S14731.vcf.gz.tbi', 'genomic', 'snv', 'tbi', 2411724,
        's3://cqdg-prod-file-workspace/sarek/preprocessing/', '5d41402abc4b2a76b9719d911017c735', '2021-09-12T13:08:00-04:00'),
       (145, 'FI0037874.S13233.vcf.gz', 'genomic', 'snv', 'vcf', 304202383,
        's3://cqdg-prod-file-workspace/sarek/preprocessing/', '5d41402abc4b2a76b9719d911017c736', '2021-09-12T13:08:00-04:00'),
       (146, 'FI0037874.S13233.vcf.gz.tbi', 'genomic', 'snv', 'tbi', 2411724,
        's3://cqdg-prod-file-workspace/sarek/preprocessing/', '5d41402abc4b2a76b9719d911017c737', '2021-09-12T13:08:00-04:00'),
       (147, 'CEPH-1463.exomiser.vcf.gz', 'genomic', 'snv', 'vcf', 303866839,
        's3://cqdg-prod-file-workspace/Postprocessing/exomiser/CEPH-1463.exomiser.vcf.gz',
        '5d41402abc4b2a76b9719d911017c738', '2021-09-12T13:08:00-04:00'),
       (148, 'CEPH-1463.exomiser.vcf.gz.tbi', 'genomic', 'snv', 'tbi', 2422210,
        's3://cqdg-prod-file-workspace/Postprocessing/exomiser/CEPH-1463.exomiser.vcf.gz.tbi',
        '5d41402abc4b2a76b9719d911017c739', '2021-09-12T13:08:00-04:00'),
       (149, 'FI0037876.S14713.vcf.gz', 'genomic', 'snv', 'vcf', 319375278,
        's3://cqdg-prod-file-workspace/sarek/preprocessing/', '5d41402abc4b2a76b9719d911017c740', '2021-09-12T13:08:00-04:00'),
       (150, 'FI0037876.S14713.vcf.gz.tbi', 'genomic', 'snv', 'tbi', 2432696,
        's3://cqdg-prod-file-workspace/sarek/preprocessing/', '5d41402abc4b2a76b9719d911017c741', '2021-09-12T13:08:00-04:00'),
       (151, 'FI0037877.S13230.vcf.gz', 'genomic', 'snv', 'vcf', 308994375,
        's3://cqdg-prod-file-workspace/sarek/preprocessing/', '5d41402abc4b2a76b9719d911017c742', '2021-09-12T13:08:00-04:00'),
       (152, 'FI0037877.S13230.vcf.gz.tbi', 'genomic', 'snv', 'tbi', 2422210,
        's3://cqdg-prod-file-workspace/sarek/preprocessing/', '5d41402abc4b2a76b9719d911017c743', '2021-09-12T13:08:00-04:00'),
       (153, 'FI0037878.S14139.vcf.gz', 'genomic', 'snv', 'vcf', 305009786,
        's3://cqdg-prod-file-workspace/sarek/preprocessing/', '5d41402abc4b2a76b9719d911017c744', '2021-09-12T13:08:00-04:00'),
       (154, 'FI0037878.S14139.vcf.gz.tbi', 'genomic', 'snv', 'tbi', 2411724,
        's3://cqdg-prod-file-workspace/sarek/preprocessing/', '5d41402abc4b2a76b9719d911017c745', '2021-09-12T13:08:00-04:00'),
       (155, 'FI0037879.S14748.vcf.gz', 'genomic', 'snv', 'vcf', 303185264,
        's3://cqdg-prod-file-workspace/sarek/preprocessing/', '5d41402abc4b2a76b9719d911017c746', '2021-09-12T13:08:00-04:00'),
       (156, 'FI0037879.S14748.vcf.gz.tbi', 'genomic', 'snv', 'tbi', 2411724,
        's3://cqdg-prod-file-workspace/sarek/preprocessing/', '5d41402abc4b2a76b9719d911017c747', '2021-09-12T13:08:00-04:00'),
       (157, 'FI0037880.S14744.vcf.gz', 'genomic', 'snv', 'vcf', 319899566,
        's3://cqdg-prod-file-workspace/sarek/preprocessing/', '5d41402abc4b2a76b9719d911017c748', '2021-09-12T13:08:00-04:00'),
       (158, 'FI0037880.S14744.vcf.gz.tbi', 'genomic', 'snv', 'tbi', 2432696,
        's3://cqdg-prod-file-workspace/sarek/preprocessing/', '5d41402abc4b2a76b9719d911017c749', '2021-09-12T13:08:00-04:00'),
       (159, 'FI0037881.S14137.vcf.gz', 'genomic', 'snv', 'vcf', 304852500,
        's3://cqdg-prod-file-workspace/sarek/preprocessing/', '5d41402abc4b2a76b9719d911017c750', '2021-09-12T13:08:00-04:00'),
       (160, 'FI0037881.S14137.vcf.gz.tbi', 'genomic', 'snv', 'tbi', 2411724,
        's3://cqdg-prod-file-workspace/sarek/preprocessing/', '5d41402abc4b2a76b9719d911017c751', '2021-09-12T13:08:00-04:00'),
       (161, 'FI0037882.S14788.vcf.gz', 'genomic', 'snv', 'vcf', 307369082,
        's3://cqdg-prod-file-workspace/sarek/preprocessing/', '5d41402abc4b2a76b9719d911017c752', '2021-09-12T13:08:00-04:00'),
       (162, 'FI0037882.S14788.vcf.gz.tbi', 'genomic', 'snv', 'tbi', 2422210,
        's3://cqdg-prod-file-workspace/sarek/preprocessing/', '5d41402abc4b2a76b9719d911017c753', '2021-09-12T13:08:00-04:00'),
       (163, 'FI0037883.S14030.vcf.gz', 'genomic', 'snv', 'vcf', 304862986,
        's3://cqdg-prod-file-workspace/sarek/preprocessing/', '5d41402abc4b2a76b9719d911017c754', '2021-09-12T13:08:00-04:00'),
       (164, 'FI0037883.S14030.vcf.gz.tbi', 'genomic', 'snv', 'tbi', 2411724,
        's3://cqdg-prod-file-workspace/sarek/preprocessing/', '5d41402abc4b2a76b9719d911017c755', '2021-09-12T13:08:00-04:00'),
       (165, 'FI0037884.S14031.vcf.gz', 'genomic', 'snv', 'vcf', 308113571,
        's3://cqdg-prod-file-workspace/sarek/preprocessing/', '5d41402abc4b2a76b9719d911017c756', '2021-09-12T13:08:00-04:00'),
       (166, 'FI0037884.S14031.vcf.gz.tbi', 'genomic', 'snv', 'tbi', 2422210,
        's3://cqdg-prod-file-workspace/sarek/preprocessing/', '5d41402abc4b2a76b9719d911017c757', '2021-09-12T13:08:00-04:00'),
       (167, 'FI0037885.S14136.vcf.gz', 'genomic', 'snv', 'vcf', 310892298,
        's3://cqdg-prod-file-workspace/sarek/preprocessing/', '5d41402abc4b2a76b9719d911017c758', '2021-09-12T13:08:00-04:00'),
       (168, 'FI0037885.S14136.vcf.gz.tbi', 'genomic', 'snv', 'tbi', 2432696,
        's3://cqdg-prod-file-workspace/sarek/preprocessing/', '5d41402abc4b2a76b9719d911017c759', '2021-09-12T13:08:00-04:00'),
       (169, 'FI0037886.S13231.vcf.gz', 'genomic', 'snv', 'vcf', 314908344,
        's3://cqdg-prod-file-workspace/sarek/preprocessing/', '5d41402abc4b2a76b9719d911017c760', '2021-09-12T13:08:00-04:00'),
       (170, 'FI0037886.S13231.vcf.gz.tbi', 'genomic', 'snv', 'tbi', 2422210,
        's3://cqdg-prod-file-workspace/sarek/preprocessing/', '5d41402abc4b2a76b9719d911017c761', '2021-09-12T13:08:00-04:00'),
       (171, 'FI0037888.S14133.vcf.gz', 'genomic', 'snv', 'vcf', 380161228,
        's3://cqdg-prod-file-workspace/sarek/preprocessing/', '5d41402abc4b2a76b9719d911017c762', '2021-09-12T13:08:00-04:00'),
       (172, 'FI0037888.S14133.vcf.gz.tbi', 'genomic', 'snv', 'tbi', 2464153,
        's3://cqdg-prod-file-workspace/sarek/preprocessing/', '5d41402abc4b2a76b9719d911017c763', '2021-09-12T13:08:00-04:00'),
       (173, 'FI0037889.S13232.vcf.gz', 'genomic', 'snv', 'vcf', 306561679,
        's3://cqdg-prod-file-workspace/sarek/preprocessing/', '5d41402abc4b2a76b9719d911017c764', '2021-09-12T13:08:00-04:00'),
       (174, 'FI0037889.S13232.vcf.gz.tbi', 'genomic', 'snv', 'tbi', 2422210,
        's3://cqdg-prod-file-workspace/sarek/preprocessing/', '5d41402abc4b2a76b9719d911017c765', '2021-09-12T13:08:00-04:00'),
       (175, 'FI0037890.S13237.vcf.gz', 'genomic', 'snv', 'vcf', 320633569,
        's3://cqdg-prod-file-workspace/sarek/preprocessing/', '5d41402abc4b2a76b9719d911017c766', '2021-09-12T13:08:00-04:00'),
       (176, 'FI0037890.S13237.vcf.gz.tbi', 'genomic', 'snv', 'tbi', 2432696,
        's3://cqdg-prod-file-workspace/sarek/preprocessing/', '5d41402abc4b2a76b9719d911017c767', '2021-09-12T13:08:00-04:00'),
       (177, 'FI0037891.S14691.vcf.gz', 'genomic', 'snv', 'vcf', 311238328,
        's3://cqdg-prod-file-workspace/sarek/preprocessing/', '5d41402abc4b2a76b9719d911017c768', '2021-09-12T13:08:00-04:00'),
       (178, 'FI0037891.S14691.vcf.gz.tbi', 'genomic', 'snv', 'tbi', 2422210,
        's3://cqdg-prod-file-workspace/sarek/preprocessing/', '5d41402abc4b2a76b9719d911017c769', '2021-09-12T13:08:00-04:00'),
       (179, 'FI0037892.S13229.vcf.gz', 'genomic', 'snv', 'vcf', 299011932,
        's3://cqdg-prod-file-workspace/sarek/preprocessing/', '5d41402abc4b2a76b9719d911017c770', '2021-09-12T13:08:00-04:00'),
       (180, 'FI0037892.S13229.vcf.gz.tbi', 'genomic', 'snv', 'tbi', 2411724,
        's3://cqdg-prod-file-workspace/sarek/preprocessing/', '5d41402abc4b2a76b9719d911017c771', '2021-09-12T13:08:00-04:00'),
       (181, 'FI0037894.S14049.vcf.gz', 'genomic', 'snv', 'vcf', 376344412,
        's3://cqdg-prod-file-workspace/sarek/preprocessing/', '5d41402abc4b2a76b9719d911017c772', '2021-09-12T13:08:00-04:00'),
       (182, 'FI0037894.S14049.vcf.gz.tbi', 'genomic', 'snv', 'tbi', 2453667,
        's3://cqdg-prod-file-workspace/sarek/preprocessing/', '5d41402abc4b2a76b9719d911017c773', '2021-09-12T13:08:00-04:00'),
       (183, 'FI0037895.S14758.vcf.gz', 'genomic', 'snv', 'vcf', 371594362,
        's3://cqdg-prod-file-workspace/sarek/preprocessing/', '5d41402abc4b2a76b9719d911017c774', '2021-09-12T13:08:00-04:00'),
       (184, 'FI0037895.S14758.vcf.gz.tbi', 'genomic', 'snv', 'tbi', 2464153,
        's3://cqdg-prod-file-workspace/sarek/preprocessing/', '5d41402abc4b2a76b9719d911017c775', '2021-09-12T13:08:00-04:00'),
       (185, 'FI0037896.S14858.vcf.gz', 'genomic', 'snv', 'vcf', 304716185,
        's3://cqdg-prod-file-workspace/sarek/preprocessing/', '5d41402abc4b2a76b9719d911017c776', '2021-09-12T13:08:00-04:00'),
       (186, 'FI0037896.S14858.vcf.gz.tbi', 'genomic', 'snv', 'tbi', 2411724,
        's3://cqdg-prod-file-workspace/sarek/preprocessing/', '5d41402abc4b2a76b9719d911017c777', '2021-09-12T13:08:00-04:00'),
       (187, 'FI0037897.S13236.vcf.gz', 'genomic', 'snv', 'vcf', 311856988,
        's3://cqdg-prod-file-workspace/sarek/preprocessing/', '5d41402abc4b2a76b9719d911017c778', '2021-09-12T13:08:00-04:00'),
       (188, 'FI0037897.S13236.vcf.gz.tbi', 'genomic', 'snv', 'tbi', 2432696,
        's3://cqdg-prod-file-workspace/sarek/preprocessing/', '5d41402abc4b2a76b9719d911017c779', '2021-09-12T13:08:00-04:00'),
       (189, 'FI0037898.S14756.vcf.gz', 'genomic', 'snv', 'vcf', 378514964,
        's3://cqdg-prod-file-workspace/sarek/preprocessing/', '5d41402abc4b2a76b9719d911017c780', '2021-09-12T13:08:00-04:00'),
       (190, 'FI0037898.S14756.vcf.gz.tbi', 'genomic', 'snv', 'tbi', 2464153,
        's3://cqdg-prod-file-workspace/sarek/preprocessing/', '5d41402abc4b2a76b9719d911017c781', '2021-09-12T13:08:00-04:00'),
       (191, 'FI0037899.S14712.vcf.gz', 'genomic', 'snv', 'vcf', 344121671,
        's3://cqdg-prod-file-workspace/sarek/preprocessing/', '5d41402abc4b2a76b9719d911017c782', '2021-09-12T13:08:00-04:00'),
       (192, 'FI0037899.S14712.vcf.gz.tbi', 'genomic', 'snv', 'tbi', 2432696,
        's3://cqdg-prod-file-workspace/sarek/preprocessing/', '5d41402abc4b2a76b9719d911017c783', '2021-09-12T13:08:00-04:00'),
       (193, 'FI0037900.S13234.vcf.gz', 'genomic', 'snv', 'vcf', 308994375,
        's3://cqdg-prod-file-workspace/sarek/preprocessing/', '5d41402abc4b2a76b9719d911017c784', '2021-09-12T13:08:00-04:00'),
       (194, 'FI0037900.S13234.vcf.gz.tbi', 'genomic', 'snv', 'tbi', 2411724,
        's3://cqdg-prod-file-workspace/sarek/preprocessing/', '5d41402abc4b2a76b9719d911017c785', '2021-09-12T13:08:00-04:00'),
       (195, 'FI0037901.S14730.vcf.gz', 'genomic', 'snv', 'vcf', 302273003,
        's3://cqdg-prod-file-workspace/sarek/preprocessing/', '5d41402abc4b2a76b9719d911017c786', '2021-09-12T13:08:00-04:00'),
       (196, 'FI0037901.S14730.vcf.gz.tbi', 'genomic', 'snv', 'tbi', 2411724,
        's3://cqdg-prod-file-workspace/sarek/preprocessing/', '5d41402abc4b2a76b9719d911017c787', '2021-09-12T13:08:00-04:00'),
       (197, 'FI0037902.S14048.vcf.gz', 'genomic', 'snv', 'vcf', 384869335,
        's3://cqdg-prod-file-workspace/sarek/preprocessing/', '5d41402abc4b2a76b9719d911017c788', '2021-09-12T13:08:00-04:00'),
       (198, 'FI0037902.S14048.vcf.gz.tbi', 'genomic', 'snv', 'tbi', 2453667,
        's3://cqdg-prod-file-workspace/sarek/preprocessing/', '5d41402abc4b2a76b9719d911017c789', '2021-09-12T13:08:00-04:00'),
       (199, 'FI0037903.S14751.vcf.gz', 'genomic', 'snv', 'vcf', 312957992,
        's3://cqdg-prod-file-workspace/sarek/preprocessing/', '5d41402abc4b2a76b9719d911017c790', '2021-09-12T13:08:00-04:00'),
       (200, 'FI0037903.S14751.vcf.gz.tbi', 'genomic', 'snv', 'tbi', 2422210,
        's3://cqdg-prod-file-workspace/sarek/preprocessing/', '5d41402abc4b2a76b9719d911017c791', '2021-09-12T13:08:00-04:00'),
       (201, 'FI0037904.S14135.vcf.gz', 'genomic', 'snv', 'vcf', 320518225,
        's3://cqdg-prod-file-workspace/sarek/preprocessing/', '5d41402abc4b2a76b9719d911017c792', '2021-09-12T13:08:00-04:00'),
       (202, 'FI0037904.S14135.vcf.gz.tbi', 'genomic', 'snv', 'tbi', 2422210,
        's3://cqdg-prod-file-workspace/sarek/preprocessing/', '5d41402abc4b2a76b9719d911017c793', '2021-09-12T13:08:00-04:00'),
       (203, 'FI0037905.S14786.vcf.gz', 'genomic', 'snv', 'vcf', 325362647,
        's3://cqdg-prod-file-workspace/sarek/preprocessing/', '5d41402abc4b2a76b9719d911017c794', '2021-09-12T13:08:00-04:00'),
       (204, 'FI0037905.S14786.vcf.gz.tbi', 'genomic', 'snv', 'tbi', 2432696,
        's3://cqdg-prod-file-workspace/sarek/preprocessing/', '5d41402abc4b2a76b9719d911017c795', '2021-09-12T13:08:00-04:00'),
       (205, 'FI0037906.S14138.vcf.gz', 'genomic', 'snv', 'vcf', 309308948,
        's3://cqdg-prod-file-workspace/sarek/preprocessing/', '5d41402abc4b2a76b9719d911017c796', '2021-09-12T13:08:00-04:00'),
       (206, 'FI0037906.S14138.vcf.gz.tbi', 'genomic', 'snv', 'tbi', 2411724,
        's3://cqdg-prod-file-workspace/sarek/preprocessing/', '5d41402abc4b2a76b9719d911017c797', '2021-09-12T13:08:00-04:00'),
       (207, 'FI0037907.S14134.vcf.gz', 'genomic', 'snv', 'vcf', 319427706,
        's3://cqdg-prod-file-workspace/sarek/preprocessing/', '5d41402abc4b2a76b9719d911017c798', '2021-09-12T13:08:00-04:00'),
       (208, 'FI0037907.S14134.vcf.gz.tbi', 'genomic', 'snv', 'tbi', 2432696,
        's3://cqdg-prod-file-workspace/sarek/preprocessing/', '5d41402abc4b2a76b9719d911017c799', '2021-09-12T13:08:00-04:00'),
       (209, 'FI0037908.S14711.vcf.gz', 'genomic', 'snv', 'vcf', 327763886,
        's3://cqdg-prod-file-workspace/sarek/preprocessing/', '5d41402abc4b2a76b9719d911017c800', '2021-09-12T13:08:00-04:00'),
       (210, 'FI0037908.S14711.vcf.gz.tbi', 'genomic', 'snv', 'tbi', 2432696,
        's3://cqdg-prod-file-workspace/sarek/preprocessing/', '5d41402abc4b2a76b9719d911017c801', '2021-09-12T13:08:00-04:00'),
       (211, 'FI0037909.S14787.vcf.gz', 'genomic', 'snv', 'vcf', 311825530,
        's3://cqdg-prod-file-workspace/sarek/preprocessing/', '5d41402abc4b2a76b9719d911017c802', '2021-09-12T13:08:00-04:00'),
       (212, 'FI0037909.S14787.vcf.gz.tbi', 'genomic', 'snv', 'tbi', 2422210,
        's3://cqdg-prod-file-workspace/sarek/preprocessing/', '5d41402abc4b2a76b9719d911017c803', '2021-09-12T13:08:00-04:00'),
       (213, 'FI0037910.S14132.vcf.gz', 'genomic', 'snv', 'vcf', 380003942,
        's3://cqdg-prod-file-workspace/sarek/preprocessing/', '5d41402abc4b2a76b9719d911017c804', '2021-09-12T13:08:00-04:00'),
       (214, 'FI0037910.S14132.vcf.gz.tbi', 'genomic', 'snv', 'tbi', 2453667,
        's3://cqdg-prod-file-workspace/sarek/preprocessing/', '5d41402abc4b2a76b9719d911017c805', '2021-09-12T13:08:00-04:00'),
       (215, 'FI0037911.S13227.vcf.gz', 'genomic', 'snv', 'vcf', 310724526,
        's3://cqdg-prod-file-workspace/sarek/preprocessing/', '5d41402abc4b2a76b9719d911017c806', '2021-09-12T13:08:00-04:00'),
       (216, 'FI0037911.S13227.vcf.gz.tbi', 'genomic', 'snv', 'tbi', 2422210,
        's3://cqdg-prod-file-workspace/sarek/preprocessing/', '5d41402abc4b2a76b9719d911017c807', '2021-09-12T13:08:00-04:00'),
       (217, 'CEPH-1463.exomiser.vcf.gz', 'genomic', 'snv', 'vcf', 303866839,
        's3://cqdg-prod-file-workspace/Postprocessing/exomiser/CEPH-1463.exomiser.vcf.gz',
        '5d41402abc4b2a76b9719d911017c808', '2021-09-12T13:08:00-04:00'),
       (218, 'CEPH-1463.exomiser.vcf.gz.tbi', 'genomic', 'snv', 'tbi', 2422210,
        's3://cqdg-prod-file-workspace/Postprocessing/exomiser/CEPH-1463.exomiser.vcf.gz.tbi',
        '5d41402abc4b2a76b9719d911017c809', '2021-09-12T13:08:00-04:00'),
       (219, 'FI0037913.S14742.vcf.gz', 'genomic', 'snv', 'vcf', 335355576,
        's3://cqdg-prod-file-workspace/sarek/preprocessing/', '5d41402abc4b2a76b9719d911017c810', '2021-09-12T13:08:00-04:00'),
       (220, 'FI0037913.S14742.vcf.gz.tbi', 'genomic', 'snv', 'tbi', 2432696,
        's3://cqdg-prod-file-workspace/sarek/preprocessing/', '5d41402abc4b2a76b9719d911017c811', '2021-09-12T13:08:00-04:00'),
       (221, 'FI0037914.S14752.vcf.gz', 'genomic', 'snv', 'vcf', 305806704,
        's3://cqdg-prod-file-workspace/sarek/preprocessing/', '5d41402abc4b2a76b9719d911017c812', '2021-09-12T13:08:00-04:00'),
       (222, 'FI0037914.S14752.vcf.gz.tbi', 'genomic', 'snv', 'tbi', 2411724,
        's3://cqdg-prod-file-workspace/sarek/preprocessing/', '5d41402abc4b2a76b9719d911017c813', '2021-09-12T13:08:00-04:00'),
       (223, 'FI0037915.S14050.vcf.gz', 'genomic', 'snv', 'vcf', 368836608,
        's3://cqdg-prod-file-workspace/sarek/preprocessing/', '5d41402abc4b2a76b9719d911017c814', '2021-09-12T13:08:00-04:00'),
       (224, 'FI0037915.S14050.vcf.gz.tbi', 'genomic', 'snv', 'tbi', 2453667,
        's3://cqdg-prod-file-workspace/sarek/preprocessing/', '5d41402abc4b2a76b9719d911017c815', '2021-09-12T13:08:00-04:00'),
       (225, 'FI0037916.S13238.vcf.gz', 'genomic', 'snv', 'vcf', 327449313,
        's3://cqdg-prod-file-workspace/sarek/preprocessing/', '5d41402abc4b2a76b9719d911017c816', '2021-09-12T13:08:00-04:00'),
       (226, 'FI0037916.S13238.vcf.gz.tbi', 'genomic', 'snv', 'tbi', 2432696,
        's3://cqdg-prod-file-workspace/sarek/preprocessing/', '5d41402abc4b2a76b9719d911017c817', '2021-09-12T13:08:00-04:00'),
       (227, 'FI0037917.S14692.vcf.gz', 'genomic', 'snv', 'vcf', 301056655,
        's3://cqdg-prod-file-workspace/sarek/preprocessing/', '5d41402abc4b2a76b9719d911017c818', '2021-09-12T13:08:00-04:00'),
       (228, 'FI0037917.S14692.vcf.gz.tbi', 'genomic', 'snv', 'tbi', 2411724,
        's3://cqdg-prod-file-workspace/sarek/preprocessing/', '5d41402abc4b2a76b9719d911017c819', '2021-09-12T13:08:00-04:00'),
       (229, 'FI0037920.S14749.vcf.gz', 'genomic', 'snv', 'vcf', 305586503,
        's3://cqdg-prod-file-workspace/sarek/preprocessing/', '5d41402abc4b2a76b9719d911017c820', '2021-09-12T13:08:00-04:00'),
       (230, 'FI0037920.S14749.vcf.gz.tbi', 'genomic', 'snv', 'tbi', 2411724,
        's3://cqdg-prod-file-workspace/sarek/preprocessing/', '5d41402abc4b2a76b9719d911017c821', '2021-09-12T13:08:00-04:00'),
       (231, 'FI0037921.S14859.vcf.gz', 'genomic', 'snv', 'vcf', 304003153,
        's3://cqdg-prod-file-workspace/sarek/preprocessing/', '5d41402abc4b2a76b9719d911017c822', '2021-09-12T13:08:00-04:00'),
       (232, 'FI0037921.S14859.vcf.gz.tbi', 'genomic', 'snv', 'tbi', 2422210,
        's3://cqdg-prod-file-workspace/sarek/preprocessing/', '5d41402abc4b2a76b9719d911017c823', '2021-09-12T13:08:00-04:00'),
       (233, 'FI0037922.S14750.vcf.gz', 'genomic', 'snv', 'vcf', 304716185,
        's3://cqdg-prod-file-workspace/sarek/preprocessing/', '5d41402abc4b2a76b9719d911017c824', '2021-09-12T13:08:00-04:00'),
       (234, 'FI0037922.S14750.vcf.gz.tbi', 'genomic', 'snv', 'tbi', 2411724,
        's3://cqdg-prod-file-workspace/sarek/preprocessing/', '5d41402abc4b2a76b9719d911017c825', '2021-09-12T13:08:00-04:00'),
       (235, 'SH032.exomiser.vcf.gz', 'genomic', 'snv', 'vcf', 307610255,
        's3://cqdg-prod-file-workspace/Postprocessing/exomiser/SH032.exomiser.vcf.gz',
        '5d41402abc4b2a76b9719d911017c826', '2021-09-12T13:08:00-04:00'),
       (236, 'SH032.exomiser.vcf.gz.tbi', 'genomic', 'snv', 'tbi', 2411724,
        's3://cqdg-prod-file-workspace/Postprocessing/exomiser/SH032.exomiser.vcf.gz.tbi',
        '5d41402abc4b2a76b9719d911017c827', '2021-09-12T13:08:00-04:00'),
       (237, 'FI0037925.S14131.vcf.gz', 'genomic', 'snv', 'vcf', 382111580,
        's3://cqdg-prod-file-workspace/sarek/preprocessing/', '5d41402abc4b2a76b9719d911017c828', '2021-09-12T13:08:00-04:00'),
       (238, 'FI0037925.S14131.vcf.gz.tbi', 'genomic', 'snv', 'tbi', 2453667,
        's3://cqdg-prod-file-workspace/sarek/preprocessing/', '5d41402abc4b2a76b9719d911017c829', '2021-09-12T13:08:00-04:00'),
       (239, 'FI0037926.S13235.vcf.gz', 'genomic', 'snv', 'vcf', 298078699,
        's3://cqdg-prod-file-workspace/sarek/preprocessing/', '5d41402abc4b2a76b9719d911017c830', '2021-09-12T13:08:00-04:00'),
       (240, 'FI0037926.S13235.vcf.gz.tbi', 'genomic', 'snv', 'tbi', 2411724,
        's3://cqdg-prod-file-workspace/sarek/preprocessing/', '5d41402abc4b2a76b9719d911017c831', '2021-09-12T13:08:00-04:00'),
       (241, 'FI0037927.S14029.vcf.gz', 'genomic', 'snv', 'vcf', 307243253,
        's3://cqdg-prod-file-workspace/sarek/preprocessing/', '5d41402abc4b2a76b9719d911017c832', '2021-09-12T13:08:00-04:00'),
       (242, 'FI0037927.S14029.vcf.gz.tbi', 'genomic', 'snv', 'tbi', 2422210,
        's3://cqdg-prod-file-workspace/sarek/preprocessing/', '5d41402abc4b2a76b9719d911017c833', '2021-09-12T13:08:00-04:00'),
       (243, 'FI0037928.S14857.vcf.gz', 'genomic', 'snv', 'vcf', 304055582,
        's3://cqdg-prod-file-workspace/sarek/preprocessing/', '5d41402abc4b2a76b9719d911017c834', '2021-09-12T13:08:00-04:00'),
       (244, 'FI0037928.S14857.vcf.gz.tbi', 'genomic', 'snv', 'tbi', 2411724,
        's3://cqdg-prod-file-workspace/sarek/preprocessing/', '5d41402abc4b2a76b9719d911017c835', '2021-09-12T13:08:00-04:00'),
       (245, 'FI0005563.S14359.gvcf.gz', 'genomic', 'snv', 'gvcf', 2464824,
        's3://cqdg-prod-file-workspace/sarek/preprocessing/', '5d41402abc4b2a76b9719d911017c836', '2021-09-12T13:08:00-04:00'),
       (246, 'FI0005563.S14359.gvcf.gz.tbi', 'genomic', 'snv', 'tbi', 2411724,
        's3://cqdg-prod-file-workspace/sarek/preprocessing/', '5d41402abc4b2a76b9719d911017c837', '2021-09-12T13:08:00-04:00'),
       (247, 'FI0005566.S14029.metrics.csv', 'genomic', 'snv', 'csv', 11724,
        's3://cqdg-prod-file-workspace/sarek/preprocessing/', '5d41402abc4b2a76b9719d911017c838', '2021-09-12T13:08:00-04:00'),
       (248, 'NA12878.recal.metrics.csv', 'genomic', 'snv', 'csv', 11724,
        's3://cqdg-prod-file-workspace/sarek/preprocessing/', '5d41402abc4b2a76b9719d911017c839', '2021-09-12T13:08:00-04:00'),
       (249, 'FI0005564.S14359.gvcf.gz', 'genomic', 'snv', 'gvcf', 2464824,
        's3://cqdg-prod-file-workspace/sarek/preprocessing/', '5d41402abc4b2a76b9719d911017c840', '2021-09-12T13:08:00-04:00'),
       (250, 'FI0005564.S14359.gvcf.gz.tbi', 'genomic', 'snv', 'tbi', 2411724,
        's3://cqdg-prod-file-workspace/sarek/preprocessing/', '5d41402abc4b2a76b9719d911017c841', '2021-09-12T13:08:00-04:00'),
       (251, 'FI0005564.S14359.vcf.gz', 'genomic', 'snv', 'vcf', 304055583,
        's3://cqdg-prod-file-workspace/sarek/preprocessing/', '5d41402abc4b2a76b9719d911017c842', '2021-09-12T13:08:00-04:00'),
       (252, 'NA12891.recal.metrics.csv', 'genomic', 'snv', 'csv', 11724,
        's3://cqdg-prod-file-workspace/sarek/preprocessing/', '5d41402abc4b2a76b9719d911017c843', '2021-09-12T13:08:00-04:00'),
       (253, 'FI0005565.S14359.gvcf.gz', 'genomic', 'snv', 'gvcf', 2464824,
        's3://cqdg-prod-file-workspace/sarek/preprocessing/', '5d41402abc4b2a76b9719d911017c844', '2021-09-12T13:08:00-04:00'),
       (254, 'FI0005565.S14359.gvcf.gz.tbi', 'genomic', 'snv', 'tbi', 2411724,
        's3://cqdg-prod-file-workspace/sarek/preprocessing/', '5d41402abc4b2a76b9719d911017c845', '2021-09-12T13:08:00-04:00'),
       (255, 'FI0005564.S14359.vcf.gz.tbi', 'genomic', 'snv', 'tbi', 2411724,
        's3://cqdg-prod-file-workspace/sarek/preprocessing/', '5d41402abc4b2a76b9719d911017c846', '2021-09-12T13:08:00-04:00'),
       (256, 'NA12892.recal.metrics.csv', 'genomic', 'snv', 'csv', 11724,
        's3://cqdg-prod-file-workspace/sarek/preprocessing/', '5d41402abc4b2a76b9719d911017c847', '2021-09-12T13:08:00-04:00'),
       (257, 'FI0005566.S14029.vcf.gz', 'genomic', 'snv', 'vcf', 307243253,
        's3://cqdg-prod-file-workspace/sarek/preprocessing/', '5d41402abc4b2a76b9719d911017c848', '2021-09-12T13:08:00-04:00'),
       (258, 'FI0005566.S14029.vcf.gz.tbi', 'genomic', 'snv', 'tbi', 2422210,
        's3://cqdg-prod-file-workspace/sarek/preprocessing/', '5d41402abc4b2a76b9719d911017c849', '2021-09-12T13:08:00-04:00'),
       (259, 'FI0005567.S14359.gvcf.gz', 'genomic', 'snv', 'gvcf', 2464824,
        's3://cqdg-prod-file-workspace/sarek/preprocessing/', '5d41402abc4b2a76b9719d911017c850', '2021-09-12T13:08:00-04:00'),
       (260, 'FI0005567.S14359.gvcf.gz.tbi', 'genomic', 'snv', 'tbi', 2411724,
        's3://cqdg-prod-file-workspace/sarek/preprocessing/', '5d41402abc4b2a76b9719d911017c851', '2021-09-12T13:08:00-04:00'),
       (261, 'FI0005567.S14359.vcf.gz', 'genomic', 'snv', 'vcf', 2464824,
        's3://cqdg-prod-file-workspace/sarek/preprocessing/', '5d41402abc4b2a76b9719d911017c852', '2021-09-12T13:08:00-04:00'),
       (262, 'HG00513.recal.metrics.csv', 'genomic', 'snv', 'csv', 11724,
        's3://cqdg-prod-file-workspace/sarek/preprocessing/', '5d41402abc4b2a76b9719d911017c853', '2021-09-12T13:08:00-04:00'),
       (263, 'FI0005567.S14359.vcf.gz.tbi', 'genomic', 'snv', 'tbi', 2411724,
        's3://cqdg-prod-file-workspace/sarek/preprocessing/', '5d41402abc4b2a76b9719d911017c854', '2021-09-12T13:08:00-04:00'),
       (264, 'FI0005568.S14359.vcf.gz', 'genomic', 'snv', 'vcf', 2411725,
        's3://cqdg-prod-file-workspace/sarek/preprocessing/', '5d41402abc4b2a76b9719d911017c855', '2021-09-12T13:08:00-04:00'),
       (265, 'FI0005568.S14359.vcf.gz.tbi', 'genomic', 'snv', 'tbi', 2411724,
        's3://cqdg-prod-file-workspace/sarek/preprocessing/', '5d41402abc4b2a76b9719d911017c856', '2021-09-12T13:08:00-04:00')
ON CONFLICT(id) DO NOTHING;

INSERT INTO organization (id, code, name, category_code)
VALUES (1, 'CHOP', 'Children Hospital of Philadelphia', 'healthcare_provider'),
       (2, 'UCSF', 'University of California San-Francisco', 'healthcare_provider'),
       (3, 'CHUSJ', 'Centre hospitalier universitaire Sainte-Justine', 'healthcare_provider'),
       (4, 'LDM-CHUSJ', 'Laboratoire de diagnostic molculaire, CHU Sainte-Justine', 'diagnostic_laboratory'),
       (5, 'LDM-CHOP', 'Molecular Diagnostic Laboratory, CHOP', 'diagnostic_laboratory'),
       (6, 'CQGC', 'Quebec Clinical Genomic Center', 'sequencing_center')
ON CONFLICT (code) DO NOTHING;

INSERT INTO project (id, code, name, description)
VALUES (1, 'N1', 'NeuroDev Phase I', 'Phase one NeuroDev cases'),
       (2, 'N2', 'NeuroDev Phase II', 'Phase two NeuroDev cases')
ON CONFLICT (id) DO NOTHING;


INSERT INTO patient (id, submitter_patient_id, submitter_patient_id_type, organization_id, sex_code, date_of_birth, life_status_code, first_name, last_name, jhn)
VALUES (1, 'MRN-283773','mrn',3,'female', '2012-02-03', 'alive', 'Juliette', 'Gagnon', 'GAG1202030277'),
       (2, 'MRN-283774','mrn',3,'male', '1970-01-30', 'alive', 'Antoine', 'Lefebvre', 'LEF7001303889'),
       (3, 'MRN-283775','mrn',3,'male', '1973-03-23', 'alive', 'Marie', 'Lambert', 'LAM7303233380'),
       (4, 'MRN-283776','mrn',3,'male', '1995-08-05', 'alive', 'Juliette', 'Gagnon', 'GAG9508055403'),
       (5, 'MRN-283777','mrn',3,'male', '1971-08-22', 'alive', 'Louis', 'Morin', 'MOR7108222360'),
       (6, 'MRN-283778','mrn',3,'female', '1969-03-21', 'alive', 'Sophie', 'Martel', 'MAR6903216336'),
       (7, 'MRN-283779','mrn',3,'male', '2013-01-24', 'alive', 'Laurence', 'Gauthier', 'GAU1301247587'),
       (8, 'MRN-283780','mrn',3,'male', '1988-06-02', 'alive', 'Raphal', 'Bouchard', 'BOU8806022778'),
       (9, 'MRN-283781','mrn',3,'female', '1985-11-05', 'alive', 'Louis', 'Bergeron', 'BER8511050922'),
       (10, 'MRN-283782','mrn',3,'female', '2011-11-23', 'alive', 'Juliette', 'Lavoie', 'LAV1111235047'),
       (11, 'MRN-283783','mrn',3,'male', '1987-06-09', 'alive', 'Noah', 'Tremblay', 'TRE8706096964'),
       (12, 'MRN-283784','mrn',3,'female', '1986-10-18', 'alive', 'Laurence', 'Lavoie', 'LAV8610186050'),
       (13, 'MRN-283785','mrn',3,'female', '2017-09-11', 'alive', 'Noah', 'Girard', 'GIR1709118453'),
       (14, 'MRN-283786','mrn',3,'male', '1989-07-06', 'alive', 'Louis', 'Roy', 'ROY8907067913'),
       (15, 'MRN-283787','mrn',3,'male', '1987-01-12', 'alive', 'Olivier', 'Tremblay', 'TRE8701125024'),
       (16, 'MRN-283788','mrn',3,'male', '2016-07-13', 'alive', 'lise', 'Lavoie', 'LAV1607136436'),
       (17, 'MRN-283789','mrn',3,'female', '1989-04-30', 'alive', 'Mathieu', 'Lambert', 'LAM8904307139'),
       (18, 'MRN-283790','mrn',3,'male', '1987-11-06', 'alive', 'Zo', 'Lambert', 'LAM8711064178'),
       (19, 'MRN-283791','mrn',3,'female', '1996-06-30', 'alive', 'Alexandre', 'Martel', 'MAR9606307008'),
       (20, 'MRN-283792','mrn',3,'female', '1995-05-07', 'alive', 'Chlo', 'Tremblay', 'TRE9505077137'),
       (21, 'MRN-283793','mrn',3,'male', '2002-06-17', 'alive', 'Gabriel', 'Pelletier', 'PEL0206177421'),
       (22, 'MRN-283794','mrn',3,'male', '2008-01-05', 'alive', 'Juliette', 'Lefebvre', 'LEF0801056320'),
       (23, 'MRN-283795','mrn',3,'female', '2003-04-16', 'alive', 'Noah', 'Ouellet', 'OUE0304167983'),
       (24, 'MRN-283796','mrn',3,'female', '2012-06-21', 'alive', 'Marie', 'Tremblay', 'TRE1206210551'),
       (25, 'MRN-283797','mrn',3,'male', '1981-08-16', 'alive', 'Raphal', 'Bouchard', 'BOU8108161145'),
       (26, 'MRN-283798','mrn',3,'male', '2006-04-06', 'alive', 'Alexandre', 'Pelletier', 'PEL0604063030'),
       (27, 'MRN-283799','mrn',3,'male', '1991-01-09', 'alive', 'Zo', 'Blanger', 'BL9101093371'),
       (28, 'MRN-283800','mrn',3,'female', '2013-08-12', 'alive', 'Sophie', 'Lemieux', 'LEM1308128922'),
       (29, 'MRN-283801','mrn',3,'male', '1957-03-11', 'alive', 'Louis', 'Roy', 'ROY5703111751'),
       (30, 'MRN-283802','mrn',3,'male', '2010-04-07', 'alive', 'Noah', 'Gagn', 'GAG1004071507'),
       (31, 'MRN-283803','mrn',3,'female', '1956-12-08', 'alive', 'Alexandre', 'Lefebvre', 'LEF5612087201'),
       (32, 'MRN-283804','mrn',3,'male', '1988-07-17', 'alive', 'Noah', 'Gagn', 'GAG8807175279'),
       (33, 'MRN-283805','mrn',3,'female', '1988-12-06', 'alive', 'Zo', 'Lavoie', 'LAV8812065053'),
       (34, 'MRN-283806','mrn',3,'female', '2001-05-08', 'alive', 'Raphal', 'Girard', 'GIR0105080518'),
       (35, 'MRN-283807','mrn',3,'male', '1978-05-28', 'alive', 'Laurence', 'Fortin', 'FOR7805286266'),
       (36, 'MRN-283808','mrn',3,'female', '1987-04-26', 'alive', 'La', 'Bouchard', 'BOU8704266027'),
       (37, 'MRN-283809','mrn',3,'female', '1956-01-15', 'alive', 'Noah', 'Pelletier', 'PEL5601154958'),
       (38, 'MRN-283810','mrn',3,'female', '1999-05-23', 'alive', 'Olivier', 'Martel', 'MAR9905230060'),
       (39, 'MRN-283811','mrn',3,'male', '2016-11-09', 'alive', 'Camille', 'Lavoie', 'LAV1611098825'),
       (40, 'MRN-283812','mrn',3,'male', '1974-01-13', 'alive', 'Mathieu', 'Roy', 'ROY7401139555'),
       (41, 'MRN-283813','mrn',3,'male', '1965-08-15', 'alive', 'Laurence', 'Ct', 'CT6508150471'),
       (42, 'MRN-283814','mrn',3,'male', '1995-06-18', 'alive', 'Laurence', 'Tremblay', 'TRE9506181065'),
       (43, 'MRN-283815','mrn',3,'female', '2014-10-26', 'alive', 'Gabriel', 'Gagn', 'GAG1410262196'),
       (44, 'MRN-283816','mrn',3,'female', '2021-02-14', 'alive', 'Charlotte', 'Blanger', 'BL2102143154'),
       (45, 'MRN-283817','mrn',3,'male', '1956-04-29', 'alive', 'Chlo', 'Pelletier', 'PEL5604290233'),
       (46, 'MRN-283818','mrn',3,'female', '1956-01-15', 'alive', 'lise', 'Ct', 'CT5601150870'),
       (47, 'MRN-283819','mrn',3,'female', '1973-04-03', 'alive', 'Camille', 'Lefebvre', 'LEF7304038840'),
       (48, 'MRN-283820','mrn',3,'male', '1963-01-13', 'alive', 'Simon', 'Martel', 'MAR6301136990'),
       (49, 'MRN-283821','mrn',3,'female', '1995-07-16', 'alive', 'Zo', 'Bergeron', 'BER9507168680'),
       (50, 'MRN-283822','mrn',3,'male', '1990-03-06', 'alive', 'Marie', 'Bergeron', 'BER9003069840'),
       (51, 'MRN-283823','mrn',3,'female', '1974-08-09', 'alive', 'Juliette', 'Fortin', 'FOR7408093223'),
       (52, 'MRN-283824','mrn',3,'male', '1960-07-08', 'alive', 'Olivier', 'Ouellet', 'OUE6007086284'),
       (53, 'MRN-283825','mrn',3,'female', '2019-12-05', 'alive', 'Mathieu', 'Ouellet', 'OUE1912052216'),
       (54, 'MRN-283826','mrn',3,'male', '1989-10-22', 'alive', 'Gabriel', 'Lambert', 'LAM8910220143'),
       (55, 'MRN-283827','mrn',3,'male', '2020-02-16', 'alive', 'La', 'Bouchard', 'BOU2002169427'),
       (56, 'MRN-283828','mrn',3,'male', '1977-12-06', 'alive', 'Simon', 'Roy', 'ROY7712068681'),
       (57, 'MRN-283829','mrn',3,'female', '1979-08-04', 'alive', 'Antoine', 'Martel', 'MAR7908041354'),
       (58, 'MRN-283830','mrn',3,'female', '1994-06-26', 'alive', 'Simon', 'Ct', 'CT9406263607'),
       (59, 'MRN-283831','mrn',3,'male', '1984-02-09', 'alive', 'Camille', 'Blanger', 'BL8402099104'),
       (60, 'MRN-283832','mrn',3,'female', '1979-07-01', 'alive', 'Gabriel', 'Fortin', 'FOR7907010876'),
       (61, 'MRN-283833','mrn',3,'female', '1971-07-25', 'alive', 'Camille', 'Bergeron', 'BER7107256143');

INSERT INTO "sample" (id, type_code, parent_sample_id, tissue_site, histology_code, submitter_sample_id, patient_id, organization_id)
VALUES (1, 'dna', 62, NULL, 'normal', 'S13224', 3, 6),
       (2, 'dna', 63, NULL, 'normal', 'S13225', 1, 6),
       (3, 'dna', 64, NULL, 'normal', 'S13226', 2,6),
       (4, 'dna', 65, NULL, 'normal', 'S13227', 4, 6),
       (5, 'dna', 66, NULL, 'normal', 'S13228', 6,6),
       (6, 'dna', 67, NULL, 'normal', 'S13229', 5, 6),
       (7,  'dna', 68, NULL, 'normal', 'S13230', 8, 6),
       (8, 'dna', 69, NULL, 'normal', 'S13231', 9, 6),
       (9,  'dna', 70, NULL, 'normal', 'S13232', 7, 6),
       (10,  'dna', 71, NULL, 'normal', 'S13233',10, 6),
       (11,  'dna', 72, NULL, 'normal', 'S13234',12,6),
       (12,  'dna', 73, NULL, 'normal', 'S13235',11,6),
       (13,  'dna', 74, NULL, 'normal', 'S13236',15,6),
       (14,  'dna', 75, NULL, 'normal', 'S13237',13,6),
       (15,  'dna', 76, NULL, 'normal', 'S13238',14,6),
       (16,  'dna', 77, NULL, 'normal', 'S14029',16,6),
       (17,  'dna', 78, NULL, 'normal', 'S14030',17,6),
       (18,  'dna', 79, NULL, 'normal', 'S14031',18,6),
       (19,  'dna', 80, NULL, 'normal', 'S14048',20,6),
       (20,  'dna', 81, NULL, 'normal', 'S14049',19,6),
       (21,  'dna', 82, NULL, 'normal', 'S14050',21,6),
       (22,  'dna', 83, NULL, 'normal', 'S14069',22,6),
       (23,  'dna', 84, NULL, 'normal', 'S14131',23,6),
       (24,  'dna', 85, NULL, 'normal', 'S14132',24,6),
       (25,  'dna', 86, NULL, 'normal', 'S14133',25,6),
       (26,  'dna', 87, NULL, 'normal', 'S14134',27,6),
       (27,  'dna', 88, NULL, 'normal', 'S14135',28,6),
       (28,  'dna', 89, NULL, 'normal', 'S14136',26,6),
       (29,  'dna', 90, NULL, 'normal', 'S14137',30,6),
       (30,  'dna', 91, NULL, 'normal', 'S14138',31,6),
       (31,  'dna', 92, NULL, 'normal', 'S14139',29,6),
       (32,  'dna', 93, NULL, 'normal', 'S14691',34,6),
       (33,  'dna', 94, NULL, 'normal', 'S14692',33,6),
       (34,  'dna', 95, NULL, 'normal', 'S14693',32,6),
       (35,  'dna', 96, NULL, 'normal', 'S14711',37,6),
       (36,  'dna', 97, NULL, 'normal', 'S14712',36,6),
       (37,  'dna', 98, NULL, 'normal', 'S14713',35,6),
       (38,  'dna', 99, NULL, 'normal', 'S14730',39,6),
       (39,  'dna', 100, NULL, 'normal', 'S14731',38,6),
       (40,  'dna', 101, NULL, 'normal', 'S14732',40,6),
       (41,  'dna', 102, NULL, 'normal', 'S14741',42,6),
       (42,  'dna', 103, NULL, 'normal', 'S14742',43,6),
       (43,  'dna', 104, NULL, 'normal', 'S14743',41,6),
       (44,  'dna', 105, NULL, 'normal', 'S14744',44,6),
       (45,  'dna', 106, NULL, 'normal', 'S14745',46,6),
       (46,  'dna', 107, NULL, 'normal', 'S14746',45,6),
       (47,  'dna', 108, NULL, 'normal', 'S14747',47,6),
       (48,  'dna', 109, NULL, 'normal', 'S14748',49,6),
       (49,  'dna', 110, NULL, 'normal', 'S14749',48,6),
       (50,  'dna', 111, NULL, 'normal', 'S14750',50,6),
       (51,  'dna', 112, NULL, 'normal', 'S14751',51,6),
       (52,  'dna', 113, NULL, 'normal', 'S14752',52,6),
       (53,  'dna', 114, NULL, 'normal', 'S14756',55,6),
       (54,  'dna', 115, NULL, 'normal', 'S14757',53,6),
       (55,  'dna', 116, NULL, 'normal', 'S14758',54,6),
       (56,  'dna', 117, NULL, 'normal', 'S14786',58,6),
       (57,  'dna', 118, NULL, 'normal', 'S14787',57,6),
       (58,  'dna', 119, NULL, 'normal', 'S14788',56,6),
       (59,  'dna', 120, NULL, 'normal', 'S14857',60,6),
       (60,  'dna', 121, NULL, 'normal', 'S14858',61,6),
       (61,  'dna', 122, NULL, 'normal', 'S14859',59,6),
       (62,  'blood', NULL, NULL, 'normal', 'B-803.1', 3, 6),
       (63,  'blood', NULL, NULL, 'normal', 'B-803.2',1,6),
       (64,  'blood', NULL, NULL, 'normal', 'B-803.3',3,6),
       (65,  'blood', NULL, NULL, 'normal', 'B-804.1',4,6),
       (66,  'blood', NULL, NULL, 'normal', 'B-804.2',6,6),
       (67,  'blood', NULL, NULL, 'normal', 'B-804.3',5,6),
       (68,  'blood', NULL, NULL, 'normal', 'B-805.1',8,6),
       (69,  'blood', NULL, NULL, 'normal', 'B-805.2',9,6),
       (70,  'blood', NULL, NULL, 'normal', 'B-805.3',7,6),
       (71,  'blood', NULL, NULL, 'normal', 'B-806.1',10,6),
       (72,  'blood', NULL, NULL, 'normal', 'B-806.2',12,6),
       (73,  'blood', NULL, NULL, 'normal', 'B-806.3',11,6),
       (74,  'blood', NULL, NULL, 'normal', 'B-807.1',15,6),
       (75,  'blood', NULL, NULL, 'normal', 'B-807.2',13,6),
       (76,  'blood', NULL, NULL, 'normal', 'B-807.3',14,6),
       (77,  'blood', NULL, NULL, 'normal', 'B-836.1',16,6),
       (78,  'blood', NULL, NULL, 'normal', 'B-836.2',17,6),
       (79,  'blood', NULL, NULL, 'normal', 'B-836.3',18,6),
       (80,  'blood', NULL, NULL, 'normal', 'B-839.1',20,6),
       (81,  'blood', NULL, NULL, 'normal', 'B-839.2',19,6),
       (82,  'blood', NULL, NULL, 'normal', 'B-839.3',21,6),
       (83,  'blood', NULL, NULL, 'normal', 'B-859.1',22,6),
       (84,  'blood', NULL, NULL, 'normal', 'B-869.1',23,6),
       (85,  'blood', NULL, NULL, 'normal', 'B-869.2',24,6),
       (86,  'blood', NULL, NULL, 'normal', 'B-869.3',25,6),
       (87,  'blood', NULL, NULL, 'normal', 'B-870.1',27,6),
       (88,  'blood', NULL, NULL, 'normal', 'B-870.2',28,6),
       (89,  'blood', NULL, NULL, 'normal', 'B-870.3',26,6),
       (90,  'blood', NULL, NULL, 'normal', 'B-871.1',30,6),
       (91,  'blood', NULL, NULL, 'normal', 'B-871.2',31,6),
       (92,  'blood', NULL, NULL, 'normal', 'B-871.3',29,6),
       (93,  'blood', NULL, NULL, 'normal', 'B-912.1',34,6),
       (94,  'blood', NULL, NULL, 'normal', 'B-912.2',33,6),
       (95,  'blood', NULL, NULL, 'normal', 'B-912.3',32,6),
       (96,  'blood', NULL, NULL, 'normal', 'B-948.1',37,6),
       (97,  'blood', NULL, NULL, 'normal', 'B-948.2',36,6),
       (98,  'blood', NULL, NULL, 'normal', 'B-948.3',35,6),
       (99,  'blood', NULL, NULL, 'normal', 'B-950.1',39,6),
       (100,  'blood', NULL, NULL, 'normal', 'B-950.2',38,6),
       (101,  'blood', NULL, NULL, 'normal', 'B-950.3',40,6),
       (102,  'blood', NULL, NULL, 'normal', 'B-951.1',42,6),
       (103,  'blood', NULL, NULL, 'normal', 'B-951.2',43,6),
       (104,  'blood', NULL, NULL, 'normal', 'B-951.3',41,6),
       (105,  'blood', NULL, NULL, 'normal', 'B-952.1',44,6),
       (106,  'blood', NULL, NULL, 'normal', 'B-952.2',46,6),
       (107,  'blood', NULL, NULL, 'normal', 'B-952.3',45,6),
       (108,  'blood', NULL, NULL, 'normal', 'B-953.1',47,6),
       (109,  'blood', NULL, NULL, 'normal', 'B-953.2',49,6),
       (110,  'blood', NULL, NULL, 'normal', 'B-953.3',48,6),
       (111,  'blood', NULL, NULL, 'normal', 'B-954.1',50,6),
       (112,  'blood', NULL, NULL, 'normal', 'B-954.2',51,6),
       (113,  'blood', NULL, NULL, 'normal', 'B-954.3',52,6),
       (114,  'blood', NULL, NULL, 'normal', 'B-956.1',55,6),
       (115,  'blood', NULL, NULL, 'normal', 'B-956.2',53,6),
       (116,  'blood', NULL, NULL, 'normal', 'B-956.3',54,6),
       (117,  'blood', NULL, NULL, 'normal', 'B-958.1',58,6),
       (118,  'blood', NULL, NULL, 'normal', 'B-958.2',57,6),
       (119,  'blood', NULL, NULL, 'normal', 'B-958.3',56,6),
       (120,  'blood', NULL, NULL, 'normal', 'B-990.1',60,6),
       (121,  'blood', NULL, NULL, 'normal', 'B-990.2',61,6),
       (122,  'blood', NULL, NULL, 'normal', 'B-990.3',59,6)
ON CONFLICT (id) DO NOTHING;

INSERT INTO "task" (id, task_type_code, pipeline_name, pipeline_version, genome_build, created_on)
VALUES (1, 'alignment_germline_variant_calling', 'Dragen', '4.4.4', 'GRch38', '2021-10-12 13:08:00'),
       (2, 'alignment_germline_variant_calling', 'Dragen', '4.4.4', 'GRch38', '2021-10-12 13:08:00'),
       (3, 'alignment_germline_variant_calling', 'Dragen', '4.4.4', 'GRch38', '2021-10-12 13:08:00'),
       (4, 'family_variant_calling', 'Dragen', '4.4.4', 'GRch38', '2021-10-12 13:08:00'),
       (5, 'radiant_germline_annotation', 'Dragen', '4.4.4', 'GRch38', '2021-10-12 13:08:00'),
       (6, 'exomiser', NULL, '14.0.0', NULL, '2021-10-12 13:08:00'),
       (7, 'exomiser', NULL, '14.0.0', NULL, '2021-10-12 13:08:00'),
       (8, 'exomiser', NULL, '14.0.0', NULL, '2021-10-12 13:08:00'),
       (11, 'alignment_germline_variant_calling', 'Dragen', '4.4.4', 'GRch38', '2021-10-12 13:08:00'),
       (12, 'alignment_germline_variant_calling', 'Dragen', '4.4.4', 'GRch38', '2021-10-12 13:08:00'),
       (13, 'alignment_germline_variant_calling', 'Dragen', '4.4.4', 'GRch38', '2021-10-12 13:08:00'),
       (14, 'alignment_germline_variant_calling', 'Dragen', '4.4.4', 'GRch38', '2021-10-12 13:08:00'),
       (15, 'alignment_germline_variant_calling', 'Dragen', '4.4.4', 'GRch38', '2021-10-12 13:08:00'),
       (16, 'alignment_germline_variant_calling', 'Dragen', '4.4.4', 'GRch38', '2021-10-12 13:08:00'),
       (17, 'alignment_germline_variant_calling', 'Dragen', '4.4.4', 'GRch38', '2021-10-12 13:08:00'),
       (18, 'alignment_germline_variant_calling', 'Dragen', '4.4.4', 'GRch38', '2021-10-12 13:08:00'),
       (19, 'alignment_germline_variant_calling', 'Dragen', '4.4.4', 'GRch38', '2021-10-12 13:08:00'),
       (20, 'alignment_germline_variant_calling', 'Dragen', '4.4.4', 'GRch38', '2021-10-12 13:08:00'),
       (21, 'alignment_germline_variant_calling', 'Dragen', '4.4.4', 'GRch38', '2021-10-12 13:08:00'),
       (22, 'alignment_germline_variant_calling', 'Dragen', '4.4.4', 'GRch38', '2021-10-12 13:08:00'),
       (23, 'alignment_germline_variant_calling', 'Dragen', '4.4.4', 'GRch38', '2021-10-12 13:08:00'),
       (24, 'alignment_germline_variant_calling', 'Dragen', '4.4.4', 'GRch38', '2021-10-12 13:08:00'),
       (25, 'alignment_germline_variant_calling', 'Dragen', '4.4.4', 'GRch38', '2021-10-12 13:08:00'),
       (26, 'alignment_germline_variant_calling', 'Dragen', '4.4.4', 'GRch38', '2021-10-12 13:08:00'),
       (27, 'alignment_germline_variant_calling', 'Dragen', '4.4.4', 'GRch38', '2021-10-12 13:08:00'),
       (28, 'alignment_germline_variant_calling', 'Dragen', '4.4.4', 'GRch38', '2021-10-12 13:08:00'),
       (29, 'alignment_germline_variant_calling', 'Dragen', '4.4.4', 'GRch38', '2021-10-12 13:08:00'),
       (30, 'radiant_germline_annotation', NULL, '1.0.0', 'GRch38', '2021-10-12 13:08:00'),
       (31, 'exomiser', NULL, '14.0.0', NULL, '2021-10-12 13:08:00'),
       (32, 'alignment_germline_variant_calling', 'Dragen', '4.4.4', 'GRch38', '2021-10-12 13:08:00'),
       (33, 'alignment_germline_variant_calling', 'Dragen', '4.4.4', 'GRch38', '2021-10-12 13:08:00'),
       (34, 'alignment_germline_variant_calling', 'Dragen', '4.4.4', 'GRch38', '2021-10-12 13:08:00'),
       (35, 'alignment_germline_variant_calling', 'Dragen', '4.4.4', 'GRch38', '2021-10-12 13:08:00'),
       (36, 'alignment_germline_variant_calling', 'Dragen', '4.4.4', 'GRch38', '2021-10-12 13:08:00'),
       (37, 'alignment_germline_variant_calling', 'Dragen', '4.4.4', 'GRch38', '2021-10-12 13:08:00'),
       (38, 'alignment_germline_variant_calling', 'Dragen', '4.4.4', 'GRch38', '2021-10-12 13:08:00'),
       (39, 'alignment_germline_variant_calling', 'Dragen', '4.4.4', 'GRch38', '2021-10-12 13:08:00'),
       (40, 'alignment_germline_variant_calling', 'Dragen', '4.4.4', 'GRch38', '2021-10-12 13:08:00'),
       (41, 'alignment_germline_variant_calling', 'Dragen', '4.4.4', 'GRch38', '2021-10-12 13:08:00'),
       (42, 'alignment_germline_variant_calling', 'Dragen', '4.4.4', 'GRch38', '2021-10-12 13:08:00'),
       (43, 'alignment_germline_variant_calling', 'Dragen', '4.4.4', 'GRch38', '2021-10-12 13:08:00'),
       (44, 'alignment_germline_variant_calling', 'Dragen', '4.4.4', 'GRch38', '2021-10-12 13:08:00'),
       (45, 'alignment_germline_variant_calling', 'Dragen', '4.4.4', 'GRch38', '2021-10-12 13:08:00'),
       (46, 'alignment_germline_variant_calling', 'Dragen', '4.4.4', 'GRch38', '2021-10-12 13:08:00'),
       (47, 'alignment_germline_variant_calling', 'Dragen', '4.4.4', 'GRch38', '2021-10-12 13:08:00'),
       (48, 'alignment_germline_variant_calling', 'Dragen', '4.4.4', 'GRch38', '2021-10-12 13:08:00'),
       (49, 'alignment_germline_variant_calling', 'Dragen', '4.4.4', 'GRch38', '2021-10-12 13:08:00'),
       (50, 'alignment_germline_variant_calling', 'Dragen', '4.4.4', 'GRch38', '2021-10-12 13:08:00'),
       (51, 'alignment_germline_variant_calling', 'Dragen', '4.4.4', 'GRch38', '2021-10-12 13:08:00'),
       (52, 'alignment_germline_variant_calling', 'Dragen', '4.4.4', 'GRch38', '2021-10-12 13:08:00'),
       (53, 'alignment_germline_variant_calling', 'Dragen', '4.4.4', 'GRch38', '2021-10-12 13:08:00'),
       (54, 'alignment_germline_variant_calling', 'Dragen', '4.4.4', 'GRch38', '2021-10-12 13:08:00'),
       (55, 'alignment_germline_variant_calling', 'Dragen', '4.4.4', 'GRch38', '2021-10-12 13:08:00'),
       (56, 'alignment_germline_variant_calling', 'Dragen', '4.4.4', 'GRch38', '2021-10-12 13:08:00'),
       (57, 'alignment_germline_variant_calling', 'Dragen', '4.4.4', 'GRch38', '2021-10-12 13:08:00'),
       (58, 'alignment_germline_variant_calling', 'Dragen', '4.4.4', 'GRch38', '2021-10-12 13:08:00'),
       (59, 'alignment_germline_variant_calling', 'Dragen', '4.4.4', 'GRch38', '2021-10-12 13:08:00'),
       (60, 'alignment_germline_variant_calling', 'Dragen', '4.4.4', 'GRch38', '2021-10-12 13:08:00'),
       (61, 'alignment_germline_variant_calling', 'Dragen', '4.4.4', 'GRch38', '2021-10-12 13:08:00'),
       (62, 'alignment_germline_variant_calling', 'Dragen', '4.4.4', 'GRch38', '2021-10-12 13:08:00'),
       (63, 'alignment_germline_variant_calling', 'Dragen', '4.4.4', 'GRch38', '2021-10-12 13:08:00'),
       (64, 'alignment_germline_variant_calling', 'Dragen', '4.4.4', 'GRch38', '2021-10-12 13:08:00'),
       (65, 'alignment_germline_variant_calling', 'Dragen', '4.4.4', 'GRch38', '2021-10-12 13:08:00'),
       (66, 'alignment_germline_variant_calling', 'Dragen', '4.4.4', 'GRch38', '2021-10-12 13:08:00'),
       (67, 'alignment_germline_variant_calling', 'Dragen', '4.4.4', 'GRch38', '2021-10-12 13:08:00'),
       (68, 'alignment_germline_variant_calling', 'Dragen', '4.4.4', 'GRch38', '2021-10-12 13:08:00'),
       (69, 'alignment_germline_variant_calling', 'Dragen', '4.4.4', 'GRch38', '2021-10-12 13:08:00'),
       (70, 'alignment_germline_variant_calling', 'Dragen', '4.4.4', 'GRch38', '2021-10-12 13:08:00'),
       (71, 'alignment_germline_variant_calling', 'Dragen', '4.4.4', 'GRch38', '2021-10-12 13:08:00'),
       (72, 'alignment_germline_variant_calling', 'Dragen', '4.4.4', 'GRch38', '2021-10-12 13:08:00'),
       (73, 'alignment_germline_variant_calling', 'Dragen', '4.4.4', 'GRch38', '2021-10-12 13:08:00')
ON CONFLICT (id) DO NOTHING;

INSERT INTO "task_has_document" (task_id, document_id, type)
VALUES (1, 27, 'output'),
       (1, 28, 'output'),
       (1, 245, 'output'),
       (1, 246, 'output'),
       (1, 248, 'output'),
       (2, 85, 'output'),
       (2, 86, 'output'),
       (2, 249, 'output'),
       (2, 250, 'output'),
       (2, 252, 'output'),
       (3, 61, 'output'),
       (3, 62, 'output'),
       (3, 253, 'output'),
       (3, 254, 'output'),
       (3, 256, 'output'),
       (4, 27, 'output'),
       (4, 28, 'output'),
       (4, 245, 'input'),
       (4, 246, 'input'),
       (4, 249, 'input'),
       (4, 250, 'input'),
       (4, 253, 'input'),
       (4, 254, 'input'),
       (4, 257, 'output'),
       (4, 258, 'output'),
       (4, 247, 'output'),
       (5, 257, 'input'),
       (5, 258, 'input'),
       (5, 251, 'output'),
       (5, 255, 'output'),
       (6, 245, 'input'),
       (6, 246, 'input'),
       (6, 135, 'output'),
       (6, 136, 'output'),
       (7, 249, 'input'),
       (7, 250, 'input'),
       (7, 147, 'output'),
       (7, 148, 'output'),
       (8, 253, 'input'),
       (8, 254, 'input'),
       (8, 217, 'output'),
       (8, 218, 'output'),

       (11, 99, 'output'),
       (11, 100, 'output'),
       (11, 215, 'output'),
       (11, 216, 'output'),
       (12, 3, 'output'),
       (12, 4, 'output'),
       (12, 127, 'output'),
       (12, 128, 'output'),
       (13, 21, 'output'),
       (13, 22, 'output'),
       (13, 179, 'output'),
       (13, 180, 'output'),

       (14, 1, 'output'),
       (14, 2, 'output'),
       (14, 151, 'output'),
       (14, 152, 'output'),
       (15, 11, 'output'),
       (15, 12, 'output'),
       (15, 169, 'output'),
       (15, 170, 'output'),
       (16, 23, 'output'),
       (16, 24, 'output'),
       (16, 173, 'output'),
       (16, 174, 'output'),

       (17, 95, 'output'),
       (17, 96, 'output'),
       (17, 145, 'output'),
       (17, 146, 'output'),
       (18, 77, 'output'),
       (18, 78, 'output'),
       (18, 193, 'output'),
       (18, 194, 'output'),
       (19, 69, 'output'),
       (19, 70, 'output'),
       (19, 239, 'output'),
       (19, 240, 'output'),

       (20, 33, 'output'),
       (20, 34, 'output'),
       (20, 187, 'output'),
       (20, 188, 'output'),
       (21, 105, 'output'),
       (21, 106, 'output'),
       (21, 175, 'output'),
       (21, 176, 'output'),
       (22, 15, 'output'),
       (22, 16, 'output'),
       (22, 225, 'output'),
       (22, 226, 'output'),

       (23, 75, 'output'),
       (23, 76, 'output'),
       (23, 241, 'output'),
       (23, 242, 'output'),
       (24, 39, 'output'),
       (24, 40, 'output'),
       (24, 163, 'output'),
       (24, 164, 'output'),
       (25, 97, 'output'),
       (25, 98, 'output'),
       (25, 165, 'output'),
       (25, 166, 'output'),

       (26, 109, 'output'),
       (26, 110, 'output'),
       (26, 197, 'output'),
       (26, 198, 'output'),
       (27, 93, 'output'),
       (27, 94, 'output'),
       (27, 181, 'output'),
       (27, 182, 'output'),
       (28, 51, 'output'),
       (28, 52, 'output'),
       (28, 223, 'output'),
       (28, 224, 'output'),

       (29, 89, 'output'),
       (29, 90, 'output'),
       (29, 259, 'output'),
       (29, 260, 'output'),
       (29, 261, 'output'),
       (29, 263, 'output'),
       (29, 262, 'output'),
       (30, 261, 'input'),
       (30, 263, 'input'),
       (30, 264, 'output'),
       (30, 265, 'output'),
       (31, 250, 'input'),
       (31, 260, 'input'),
       (31, 235, 'output'),
       (31, 236, 'output'),

       (32, 53, 'output'),
       (32, 54, 'output'),
       (32, 237, 'output'),
       (32, 238, 'output'),
       (33, 35, 'output'),
       (33, 36, 'output'),
       (33, 213, 'output'),
       (33, 214, 'output'),
       (34, 43, 'output'),
       (34, 44, 'output'),
       (34, 171, 'output'),
       (34, 172, 'output'),

       (35, 115, 'output'),
       (35, 116, 'output'),
       (35, 207, 'output'),
       (35, 208, 'output'),
       (36, 25, 'output'),
       (36, 26, 'output'),
       (36, 201, 'output'),
       (36, 202, 'output'),
       (37, 73, 'output'),
       (37, 74, 'output'),
       (37, 167, 'output'),
       (37, 168, 'output'),

       (38, 87, 'output'),
       (38, 88, 'output'),
       (38, 159, 'output'),
       (38, 160, 'output'),
       (39, 57, 'output'),
       (39, 58, 'output'),
       (39, 205, 'output'),
       (39, 206, 'output'),
       (40, 117, 'output'),
       (40, 118, 'output'),
       (40, 153, 'output'),
       (40, 154, 'output'),

       (41, 65, 'output'),
       (41, 66, 'output'),
       (41, 177, 'output'),
       (41, 178, 'output'),
       (42, 13, 'output'),
       (42, 14, 'output'),
       (42, 227, 'output'),
       (42, 228, 'output'),
       (43, 103, 'output'),
       (43, 104, 'output'),
       (43, 125, 'output'),
       (43, 126, 'output'),

       (44, 55, 'output'),
       (44, 56, 'output'),
       (44, 209, 'output'),
       (44, 210, 'output'),
       (45, 67, 'output'),
       (45, 68, 'output'),
       (45, 191, 'output'),
       (45, 192, 'output'),
       (46, 107, 'output'),
       (46, 108, 'output'),
       (46, 149, 'output'),
       (46, 150, 'output'),

       (47, 37, 'output'),
       (47, 38, 'output'),
       (47, 195, 'output'),
       (47, 196, 'output'),
       (48, 101, 'output'),
       (48, 102, 'output'),
       (48, 143, 'output'),
       (48, 144, 'output'),
       (49, 19, 'output'),
       (49, 20, 'output'),
       (49, 141, 'output'),
       (49, 142, 'output'),

       (50, 113, 'output'),
       (50, 114, 'output'),
       (50, 137, 'output'),
       (50, 138, 'output'),
       (51, 91, 'output'),
       (51, 92, 'output'),
       (51, 219, 'output'),
       (51, 220, 'output'),
       (52, 17, 'output'),
       (52, 18, 'output'),
       (52, 129, 'output'),
       (52, 130, 'output'),

       (53, 79, 'output'),
       (53, 80, 'output'),
       (53, 157, 'output'),
       (53, 158, 'output'),
       (54, 81, 'output'),
       (54, 82, 'output'),
       (54, 139, 'output'),
       (54, 140, 'output'),
       (55, 7, 'output'),
       (55, 8, 'output'),
       (55, 133, 'output'),
       (55, 134, 'output'),

       (56, 63, 'output'),
       (56, 64, 'output'),
       (56, 123, 'output'),
       (56, 124, 'output'),
       (57, 5, 'output'),
       (57, 6, 'output'),
       (57, 155, 'output'),
       (57, 156, 'output'),
       (58, 119, 'output'),
       (58, 120, 'output'),
       (58, 229, 'output'),
       (58, 230, 'output'),

       (59, 9, 'output'),
       (59, 10, 'output'),
       (59, 233, 'output'),
       (59, 234, 'output'),
       (60, 41, 'output'),
       (60, 42, 'output'),
       (60, 199, 'output'),
       (60, 200, 'output'),
       (61, 29, 'output'),
       (61, 30, 'output'),
       (61, 221, 'output'),
       (61, 232, 'output'),

       (62, 45, 'output'),
       (62, 46, 'output'),
       (62, 189, 'output'),
       (62, 190, 'output'),
       (63, 71, 'output'),
       (63, 72, 'output'),
       (63, 131, 'output'),
       (63, 132, 'output'),
       (64, 49, 'output'),
       (64, 50, 'output'),
       (64, 183, 'output'),
       (64, 184, 'output'),

       (65, 121, 'output'),
       (65, 122, 'output'),
       (65, 203, 'output'),
       (65, 204, 'output'),
       (66, 111, 'output'),
       (66, 112, 'output'),
       (66, 211, 'output'),
       (66, 212, 'output'),
       (67, 31, 'output'),
       (67, 32, 'output'),
       (67, 161, 'output'),
       (67, 162, 'output'),

       (68, 47, 'output'),
       (68, 48, 'output'),
       (68, 243, 'output'),
       (68, 244, 'output'),
       (69, 59, 'output'),
       (69, 60, 'output'),
       (69, 185, 'output'),
       (69, 186, 'output'),
       (70, 83, 'output'),
       (70, 84, 'output'),
       (70, 231, 'output'),
       (70, 232, 'output'),

       (71, 61, 'output'),
       (71, 62, 'output'),
       (72, 85, 'output'),
       (72, 86, 'output'),
       (73, 27, 'output'),
       (73, 28, 'output')
ON CONFLICT(task_id, document_id, type) DO NOTHING;

INSERT INTO "cases" (id, proband_id, project_id, analysis_catalog_id, status_code, diagnosis_lab_id, primary_condition, note, created_on, updated_on, priority_code, case_type_code, case_category_code, condition_code_system, resolution_status_code, ordering_physician, ordering_organization_id)
VALUES
    (1, 3, 1, 1, 'in_progress', 6, 'MONDO:0700092', 'Administrative comment', '2021-09-12T13:08:00-04:00', '2021-09-12T13:08:00-04:00', 'routine',  'germline', 'postnatal', 'mondo', 'unsolved', 'Felix Laflamme', 3),
    (2, 4, 1, 1, 'in_progress', 6, 'MONDO:0700092', 'Administrative comment', '2021-09-12T13:08:00-04:00', '2021-09-12T13:08:00-04:00', 'routine',  'germline', 'postnatal', 'mondo', 'unsolved', 'Melissa Lopez', 3),
    (3, 8, 1, 1, 'incomplete', 6, 'MONDO:0700092', 'Administrative comment', '2021-09-12T13:08:00-04:00', '2021-09-12T13:08:00-04:00', 'routine',  'germline', 'postnatal', 'mondo', 'unsolved', 'Christopher Watson', 1),
    (4, 10, 1, 1, 'incomplete', 6, 'MONDO:0700092', 'Administrative comment', '2021-09-12T13:08:00-04:00', '2021-09-12T13:08:00-04:00', 'routine',  'germline', 'postnatal', 'mondo', 'unsolved', 'Victoria Breton', 1),
    (5, 15, 1, 1, 'in_progress', 6, 'MONDO:0700092', 'Administrative comment', '2021-09-12T13:08:00-04:00', '2021-09-12T13:08:00-04:00', 'routine',  'germline', 'postnatal', 'mondo', 'unsolved', 'Antoine Par', 1),
    (6, 16, 1, 1, 'draft', 6, 'MONDO:0700092', 'Administrative comment', '2021-09-12T13:08:00-04:00', '2021-09-12T13:08:00-04:00', 'routine',  'germline', 'postnatal', 'mondo', 'unsolved', 'Jonathan Frye', 1),
    (7, 20, 1, 1, 'revoke', 6, 'MONDO:0700092', 'Administrative comment', '2021-09-12T13:08:00-04:00', '2021-09-12T13:08:00-04:00', 'routine',  'germline', 'postnatal', 'mondo', 'unsolved', 'Dawn Taylor', 1),
    (8, 22, 1, 1, 'submitted', 6, 'MONDO:0700092', 'Administrative comment', '2021-09-12T13:08:00-04:00', '2021-09-12T13:08:00-04:00', 'routine',  'germline', 'postnatal', 'mondo', 'unsolved', 'Lauren Maxwell', 1),
    (9, 23, 1, 1, 'in_progress', 6, 'MONDO:0700092', 'Administrative comment', '2021-09-12T13:08:00-04:00', '2021-09-12T13:08:00-04:00', 'routine',  'germline', 'postnatal', 'mondo', 'unsolved', 'Elliot Duchesne', 1),
    (10, 27, 2, 1, 'in_progress', 6, 'MONDO:0700092', 'Administrative comment', '2021-09-12T13:08:00-04:00', '2021-09-12T13:08:00-04:00', 'routine',  'germline', 'postnatal', 'mondo', 'unsolved', 'Alex Williams', 1),
    (11, 30, 2, 1, 'in_progress', 6, 'MONDO:0700092', 'Administrative comment', '2020-09-12T13:08:00-04:00', '2020-09-12T13:08:00-04:00', 'routine',  'germline', 'postnatal', 'mondo', 'unsolved', 'Arthur Sguin', 3),
    (12, 34, 2, 1, 'in_progress', 6, 'MONDO:0700092', 'Administrative comment', '2020-09-12T13:08:00-04:00', '2020-09-12T13:08:00-04:00', 'routine',  'germline', 'postnatal', 'mondo', 'unsolved', 'Raphaelle Veilleux', 3),
    (13, 37, 2, 1, 'in_progress', 6, 'MONDO:0700092', 'Administrative comment', '2020-09-12T13:08:00-04:00', '2020-09-12T13:08:00-04:00', 'routine',  'germline', 'postnatal', 'mondo', 'unsolved', 'Louis Stevens', 3),
    (14, 39, 2, 1, 'in_progress', 6, 'MONDO:0700092', 'Administrative comment', '2020-09-12T13:08:00-04:00', '2020-09-12T13:08:00-04:00', 'routine',  'germline', 'postnatal', 'mondo', 'unsolved', 'Sarah Gervais', 3),
    (15, 42, 2, 1, 'in_progress', 6, 'MONDO:0700092', 'Administrative comment', '2020-09-12T13:08:00-04:00', '2020-09-12T13:08:00-04:00', 'routine',  'germline', 'postnatal', 'mondo', 'unsolved', 'Xavier Peterson', 3),
    (16, 44, 2, 1, 'in_progress', 6, 'MONDO:0700092', 'Administrative comment', '2020-09-12T13:08:00-04:00', '2020-09-12T13:08:00-04:00', 'routine',  'germline', 'postnatal', 'mondo', 'unsolved', 'Jeanne Laroche', 3),
    (17, 47, 2, 2, 'in_progress', 6, 'MONDO:0700092', 'Administrative comment', '2020-09-12T13:08:00-04:00', '2020-09-12T13:08:00-04:00', 'routine',  'germline', 'postnatal', 'mondo', 'unsolved', 'Arnaud Morissette', 3),
    (18, 50, 2, 2, 'completed', 6, 'MONDO:0700092', 'Administrative comment', '2020-09-12T13:08:00-04:00', '2020-09-12T13:08:00-04:00', 'routine',  'germline', 'postnatal', 'mondo', 'unsolved', 'Sophia Charron', 3),
    (19, 55, 2, 2, 'completed', 6, 'MONDO:0700092', 'Administrative comment', '2020-09-12T13:08:00-04:00', '2020-09-12T13:08:00-04:00', 'asap',  'germline', 'postnatal', 'mondo', 'unsolved', 'Fadi Hamdan', 3),
    (20, 58, 2, 2, 'completed', 6, 'MONDO:0700092', 'Administrative comment', '2020-09-12T13:08:00-04:00', '2020-09-12T13:08:00-04:00', 'asap',  'germline', 'postnatal', 'mondo', 'unsolved', 'Melissa Lopez', 3),
    (21, 60, 2, 2, 'in_progress', 6, 'MONDO:0700092', 'Administrative comment', '2020-09-12T13:08:00-04:00', '2020-09-12T13:08:00-04:00', 'asap',  'germline', 'postnatal', 'mondo', 'unsolved', 'Victoria Breton', 3),
    (70, 3, 1, 1, 'in_progress', 6, 'MONDO:0700092', 'Administrative comment', '2021-09-12T13:08:00-04:00', '2021-09-12T13:08:00-04:00', 'routine',  'germline', 'postnatal', 'mondo', 'unsolved', 'Isabella Murphy', 1)
ON CONFLICT (id) DO NOTHING;

INSERT INTO "family" (id, case_id, family_member_id, relationship_to_proband_code, affected_status_code)
VALUES (1, 1, 1, 'mother', 'affected'),
       (2, 1, 2, 'father', 'non_affected'),
       (3, 2, 5, 'father', 'non_affected'),
       (4, 2, 6, 'mother', 'affected'),
       (5, 3, 7, 'father', 'non_affected'),
       (6, 3, 9, 'mother', 'unknown'),
       (7, 4, 11, 'father', 'non_affected'),
       (8, 4, 12, 'mother', 'non_affected'),
       (9, 5, 13, 'mother', 'affected'),
       (10, 5, 14, 'father', 'non_affected'),
       (11, 6, 17, 'mother', 'non_affected'),
       (12, 6, 18, 'father', 'non_affected'),
       (13, 7, 19, 'mother', 'non_affected'),
       (14, 7, 21, 'father', 'affected'),
       (15, 9, 24, 'mother', 'non_affected'),
       (16, 9, 25, 'father', 'non_affected'),
       (17, 10, 26, 'father', 'unknown'),
       (18, 10, 28, 'mother', 'non_affected'),
       (19, 11, 29, 'father', 'non_affected'),
       (20, 11, 31, 'mother', 'affected'),
       (21, 12, 32, 'father', 'non_affected'),
       (22, 12, 33, 'mother', 'non_affected'),
       (23, 13, 35, 'father', 'unknown'),
       (24, 13, 36, 'mother', 'non_affected'),
       (25, 14, 38, 'mother', 'non_affected'),
       (26, 14, 40, 'father', 'non_affected'),
       (27, 15, 41, 'father', 'non_affected'),
       (28, 15, 43, 'mother', 'affected'),
       (29, 16, 45, 'father', 'non_affected'),
       (30, 16, 46, 'mother', 'non_affected'),
       (31, 17, 48, 'father', 'affected'),
       (32, 17, 49, 'mother', 'non_affected'),
       (33, 18, 51, 'mother', 'non_affected'),
       (34, 18, 52, 'father', 'unknown'),
       (35, 19, 53, 'mother', 'non_affected'),
       (36, 19, 54, 'father', 'non_affected'),
       (37, 20, 56, 'father', 'affected'),
       (38, 20, 57, 'mother', 'non_affected'),
       (39, 21, 59, 'father', 'non_affected'),
       (40, 21, 61, 'mother', 'non_affected'),
       (41, 1, 3, 'proband', 'affected'),
       (42, 2, 4, 'proband', 'affected'),
       (43, 3, 8, 'proband', 'affected'),
       (44, 4, 10, 'proband', 'affected'),
       (45, 5, 15, 'proband', 'affected'),
       (46, 6, 16, 'proband', 'affected'),
       (47, 7, 20, 'proband', 'affected'),
       (48, 8, 22, 'proband', 'affected'),
       (49, 9, 23, 'proband', 'affected'),
       (50, 10, 27, 'proband', 'affected'),
       (51, 11, 30, 'proband', 'affected'),
       (52, 12, 34, 'proband', 'affected'),
       (53, 13, 37, 'proband', 'affected'),
       (54, 14, 39, 'proband', 'affected'),
       (55, 15, 42, 'proband', 'affected'),
       (56, 16, 44, 'proband', 'affected'),
       (57, 17, 47, 'proband', 'affected'),
       (58, 18, 50, 'proband', 'affected'),
       (59, 19, 55, 'proband', 'affected'),
       (60, 20, 58, 'proband', 'affected'),
       (61, 21, 60, 'proband', 'affected')
ON CONFLICT (id) DO NOTHING;

INSERT INTO "obs_categorical" (id,
                                  case_id,
                                  patient_id,
                                  observation_code,
                                  coding_system,
                                  code_value,
                                  onset_code,
                                  interpretation_code,
                                  note)
VALUES (1, 16, 44, 'phenotype', 'HPO', 'HP:0001263', 'unknown', 'negative', 'Clinical comment'),
       (2, 16, 44, 'phenotype', 'HPO', 'HP:0011344', 'infantile', 'negative', 'Clinical comment'),
       (3, 16, 44, 'phenotype', 'HPO', 'HP:0001518', 'infantile', 'negative', 'Clinical comment'),
       (4, 16, 44, 'phenotype', 'HPO', 'HP:0001558', 'unknown', 'negative', 'Clinical comment'),
       (5, 16, 44, 'phenotype', 'HPO', 'HP:0001561', 'childhood', 'positive', 'Clinical comment'),
       (6, 16, 44, 'phenotype', 'HPO', 'HP:0002643', 'infantile', 'positive', 'Clinical comment'),
       (7, 16, 44, 'phenotype', 'HPO', 'HP:0006579', 'childhood', 'positive', 'Clinical comment'),
       (8, 16, 44, 'phenotype', 'HPO', 'HP:0030244', 'infantile', 'positive', 'Clinical comment'),
       (9, 16, 44, 'phenotype', 'HPO', 'HP:0040187', 'childhood', 'positive', 'Clinical comment'),
       (10, 16, 44, 'phenotype', 'HPO', 'HP:0001787', 'childhood', 'positive', 'Clinical comment'),
       (11, 16, 44, 'phenotype', 'HPO', 'HP:0001998', 'childhood', 'positive', 'Clinical comment'),
       (12, 16, 44, 'phenotype', 'HPO', 'HP:0002033', 'unknown', 'negative', 'Clinical comment'),
       (13, 16, 44, 'phenotype', 'HPO', 'HP:0009800', 'childhood', 'positive', 'Clinical comment'),
       (14, 16, 44, 'phenotype', 'HPO', 'HP:0010519', 'childhood', 'negative', 'Clinical comment'),
       (15, 16, 44, 'phenotype', 'HPO', 'HP:0100622', 'childhood', 'negative', 'Clinical comment'),
       (16, 16, 44, 'phenotype', 'HPO', 'HP:0001511', 'unknown', 'negative', 'Clinical comment'),
       (17, 16, 44, 'phenotype', 'HPO', 'HP:0001520', 'unknown', 'negative', 'Clinical comment'),
       (18, 16, 44, 'phenotype', 'HPO', 'HP:0001562', 'unknown', 'negative', 'Clinical comment'),
       (19, 16, 44, 'phenotype', 'HPO', 'HP:0001622', 'unknown', 'positive', 'Clinical comment'),
       (20, 15, 42, 'phenotype', 'HPO', 'HP:0001513', 'infantile', 'negative', 'Clinical comment'),
       (21, 15, 42, 'phenotype', 'HPO', 'HP:0004324', 'unknown', 'negative', 'Clinical comment'),
       (22, 15, 42, 'phenotype', 'HPO', 'HP:0000256', 'infantile', 'positive', 'Clinical comment'),
       (23, 15, 42, 'phenotype', 'HPO', 'HP:0000098', 'infantile', 'positive', 'Clinical comment'),
       (24, 17, 47, 'phenotype', 'HPO', 'HP:0001631', 'infantile', 'positive', 'Clinical comment'),
       (25, 17, 47, 'phenotype', 'HPO', 'HP:0011408', 'childhood', 'positive', 'Clinical comment'),
       (26, 17, 47, 'phenotype', 'HPO', 'HP:0000316', 'unknown', 'positive', 'Clinical comment'),
       (27, 17, 47, 'phenotype', 'HPO', 'HP:0000486', 'childhood', 'positive', 'Clinical comment'),
       (28, 17, 47, 'phenotype', 'HPO', 'HP:0000565', 'infantile', 'positive', 'Clinical comment'),
       (29, 17, 47, 'phenotype', 'HPO', 'HP:0001511', 'infantile', 'positive', 'Clinical comment'),
       (30, 17, 47, 'phenotype', 'HPO', 'HP:0001562', 'childhood', 'negative', 'Clinical comment'),
       (31, 17, 47, 'phenotype', 'HPO', 'HP:0001622', 'childhood', 'positive', 'Clinical comment'),
       (32, 17, 47, 'phenotype', 'HPO', 'HP:0001684', 'childhood', 'positive', 'Clinical comment'),
       (33, 17, 47, 'phenotype', 'HPO', 'HP:0002033', 'childhood', 'negative', 'Clinical comment'),
       (34, 17, 47, 'phenotype', 'HPO', 'HP:0004322', 'childhood', 'negative', 'Clinical comment'),
       (35, 17, 47, 'phenotype', 'HPO', 'HP:0004325', 'unknown', 'negative', 'Clinical comment'),
       (36, 17, 47, 'phenotype', 'HPO', 'HP:0001629', 'childhood', 'negative', 'Clinical comment'),
       (37, 17, 47, 'phenotype', 'HPO', 'HP:0001636', 'unknown', 'negative', 'Clinical comment'),
       (38, 17, 47, 'phenotype', 'HPO', 'HP:0001655', 'childhood', 'negative', 'Clinical comment'),
       (39, 17, 47, 'phenotype', 'HPO', 'HP:0001680', 'childhood', 'negative', 'Clinical comment'),
       (40, 17, 47, 'phenotype', 'HPO', 'HP:0001787', 'infantile', 'positive', 'Clinical comment'),
       (41, 17, 47, 'phenotype', 'HPO', 'HP:0001998', 'unknown', 'positive', 'Clinical comment'),
       (42, 17, 47, 'phenotype', 'HPO', 'HP:0004488', 'infantile', 'positive', 'Clinical comment'),
       (43, 17, 47, 'phenotype', 'HPO', 'HP:0008883', 'unknown', 'negative', 'Clinical comment'),
       (44, 17, 47, 'phenotype', 'HPO', 'HP:0009800', 'infantile', 'positive', 'Clinical comment'),
       (45, 17, 47, 'phenotype', 'HPO', 'HP:0010519', 'infantile', 'positive', 'Clinical comment'),
       (46, 17, 47, 'phenotype', 'HPO', 'HP:0010877', 'infantile', 'negative', 'Clinical comment'),
       (47, 17, 47, 'phenotype', 'HPO', 'HP:0011567', 'childhood', 'positive', 'Clinical comment'),
       (48, 17, 47, 'phenotype', 'HPO', 'HP:0011675', 'infantile', 'negative', 'Clinical comment'),
       (49, 17, 47, 'phenotype', 'HPO', 'HP:0025069', 'childhood', 'positive', 'Clinical comment'),
       (50, 17, 47, 'phenotype', 'HPO', 'HP:0025312', 'unknown', 'positive', 'Clinical comment'),
       (51, 17, 47, 'phenotype', 'HPO', 'HP:0025313', 'childhood', 'positive', 'Clinical comment'),
       (52, 17, 47, 'phenotype', 'HPO', 'HP:0100622', 'childhood', 'positive', 'Clinical comment'),
       (53, 17, 47, 'phenotype', 'HPO', 'HP:0000479', 'childhood', 'positive', 'Clinical comment'),
       (54, 17, 47, 'phenotype', 'HPO', 'HP:0000481', 'unknown', 'negative', 'Clinical comment'),
       (55, 17, 47, 'phenotype', 'HPO', 'HP:0000505', 'unknown', 'negative', 'Clinical comment'),
       (56, 17, 47, 'phenotype', 'HPO', 'HP:0000577', 'childhood', 'positive', 'Clinical comment'),
       (57, 17, 47, 'phenotype', 'HPO', 'HP:0000587', 'unknown', 'positive', 'Clinical comment'),
       (58, 17, 47, 'phenotype', 'HPO', 'HP:0000589', 'childhood', 'negative', 'Clinical comment'),
       (59, 17, 47, 'phenotype', 'HPO', 'HP:0000639', 'infantile', 'negative', 'Clinical comment'),
       (60, 17, 47, 'phenotype', 'HPO', 'HP:0001520', 'infantile', 'positive', 'Clinical comment'),
       (61, 17, 47, 'phenotype', 'HPO', 'HP:0000518', 'infantile', 'negative', 'Clinical comment'),
       (62, 17, 47, 'phenotype', 'HPO', 'HP:0000568', 'infantile', 'positive', 'Clinical comment'),
       (63, 17, 47, 'phenotype', 'HPO', 'HP:0000593', 'childhood', 'positive', 'Clinical comment'),
       (64, 17, 47, 'phenotype', 'HPO', 'HP:0000601', 'childhood', 'positive', 'Clinical comment'),
       (65, 17, 47, 'phenotype', 'HPO', 'HP:0001558', 'infantile', 'positive', 'Clinical comment'),
       (66, 17, 47, 'phenotype', 'HPO', 'HP:0001561', 'unknown', 'positive', 'Clinical comment'),
       (67, 17, 47, 'phenotype', 'HPO', 'HP:0001638', 'infantile', 'negative', 'Clinical comment'),
       (68, 17, 47, 'phenotype', 'HPO', 'HP:0001674', 'childhood', 'positive', 'Clinical comment'),
       (69, 17, 47, 'phenotype', 'HPO', 'HP:0002643', 'childhood', 'positive', 'Clinical comment'),
       (70, 17, 47, 'phenotype', 'HPO', 'HP:0003517', 'unknown', 'positive', 'Clinical comment'),
       (71, 17, 47, 'phenotype', 'HPO', 'HP:0006579', 'childhood', 'negative', 'Clinical comment'),
       (72, 17, 47, 'phenotype', 'HPO', 'HP:0008846', 'unknown', 'negative', 'Clinical comment'),
       (73, 17, 47, 'phenotype', 'HPO', 'HP:0010445', 'childhood', 'negative', 'Clinical comment'),
       (74, 17, 47, 'phenotype', 'HPO', 'HP:0025068', 'infantile', 'negative', 'Clinical comment'),
       (75, 17, 47, 'phenotype', 'HPO', 'HP:0030244', 'childhood', 'negative', 'Clinical comment'),
       (76, 17, 47, 'phenotype', 'HPO', 'HP:0031017', 'infantile', 'positive', 'Clinical comment'),
       (77, 17, 47, 'phenotype', 'HPO', 'HP:0040187', 'infantile', 'positive', 'Clinical comment'),
       (78, 11, 30, 'phenotype', 'HPO', 'HP:0000486', 'infantile', 'negative', 'Clinical comment'),
       (79, 11, 30, 'phenotype', 'HPO', 'HP:0000639', 'infantile', 'negative', 'Clinical comment'),
       (80, 11, 30, 'phenotype', 'HPO', 'HP:0001999', 'infantile', 'negative', 'Clinical comment'),
       (81, 11, 30, 'phenotype', 'HPO', 'HP:0006934', 'unknown', 'positive', 'Clinical comment'),
       (82, 11, 30, 'phenotype', 'HPO', 'HP:0008050', 'infantile', 'positive', 'Clinical comment'),
       (83, 11, 30, 'phenotype', 'HPO', 'HP:0200005', 'unknown', 'positive', 'Clinical comment'),
       (84, 11, 30, 'phenotype', 'HPO', 'HP:0000098', 'childhood', 'negative', 'Clinical comment'),
       (85, 11, 30, 'phenotype', 'HPO', 'HP:0000175', 'infantile', 'negative', 'Clinical comment'),
       (86, 11, 30, 'phenotype', 'HPO', 'HP:0000316', 'childhood', 'negative', 'Clinical comment'),
       (87, 11, 30, 'phenotype', 'HPO', 'HP:0000518', 'unknown', 'positive', 'Clinical comment'),
       (88, 11, 30, 'phenotype', 'HPO', 'HP:0000568', 'childhood', 'positive', 'Clinical comment'),
       (89, 11, 30, 'phenotype', 'HPO', 'HP:0000593', 'unknown', 'negative', 'Clinical comment'),
       (90, 11, 30, 'phenotype', 'HPO', 'HP:0000601', 'childhood', 'positive', 'Clinical comment'),
       (91, 11, 30, 'phenotype', 'HPO', 'HP:0000640', 'childhood', 'negative', 'Clinical comment'),
       (92, 11, 30, 'phenotype', 'HPO', 'HP:0000666', 'unknown', 'negative', 'Clinical comment'),
       (93, 11, 30, 'phenotype', 'HPO', 'HP:0001363', 'childhood', 'negative', 'Clinical comment'),
       (94, 11, 30, 'phenotype', 'HPO', 'HP:0001558', 'childhood', 'positive', 'Clinical comment'),
       (95, 11, 30, 'phenotype', 'HPO', 'HP:0001561', 'childhood', 'negative', 'Clinical comment'),
       (96, 11, 30, 'phenotype', 'HPO', 'HP:0002643', 'infantile', 'negative', 'Clinical comment'),
       (97, 11, 30, 'phenotype', 'HPO', 'HP:0003517', 'childhood', 'positive', 'Clinical comment'),
       (98, 11, 30, 'phenotype', 'HPO', 'HP:0006579', 'infantile', 'negative', 'Clinical comment'),
       (99, 11, 30, 'phenotype', 'HPO', 'HP:0010542', 'infantile', 'positive', 'Clinical comment'),
       (100, 11, 30, 'phenotype', 'HPO', 'HP:0010544', 'infantile', 'negative', 'Clinical comment'),
       (101, 11, 30, 'phenotype', 'HPO', 'HP:0030244', 'unknown', 'positive', 'Clinical comment'),
       (102, 11, 30, 'phenotype', 'HPO', 'HP:0040187', 'childhood', 'positive', 'Clinical comment'),
       (103, 11, 30, 'phenotype', 'HPO', 'HP:0001787', 'unknown', 'positive', 'Clinical comment'),
       (104, 11, 30, 'phenotype', 'HPO', 'HP:0001998', 'infantile', 'negative', 'Clinical comment'),
       (105, 11, 30, 'phenotype', 'HPO', 'HP:0002033', 'unknown', 'negative', 'Clinical comment'),
       (106, 11, 30, 'phenotype', 'HPO', 'HP:0004322', 'unknown', 'negative', 'Clinical comment'),
       (107, 11, 30, 'phenotype', 'HPO', 'HP:0004324', 'unknown', 'positive', 'Clinical comment'),
       (108, 11, 30, 'phenotype', 'HPO', 'HP:0004325', 'childhood', 'positive', 'Clinical comment'),
       (109, 11, 30, 'phenotype', 'HPO', 'HP:0004488', 'unknown', 'negative', 'Clinical comment'),
       (110, 11, 30, 'phenotype', 'HPO', 'HP:0009800', 'childhood', 'negative', 'Clinical comment'),
       (111, 11, 30, 'phenotype', 'HPO', 'HP:0010519', 'childhood', 'negative', 'Clinical comment'),
       (112, 11, 30, 'phenotype', 'HPO', 'HP:0012043', 'childhood', 'negative', 'Clinical comment'),
       (113, 11, 30, 'phenotype', 'HPO', 'HP:0030691', 'childhood', 'negative', 'Clinical comment'),
       (114, 11, 30, 'phenotype', 'HPO', 'HP:0100622', 'childhood', 'positive', 'Clinical comment'),
       (115, 11, 30, 'phenotype', 'HPO', 'HP:0000204', 'childhood', 'negative', 'Clinical comment'),
       (116, 11, 30, 'phenotype', 'HPO', 'HP:0000252', 'unknown', 'negative', 'Clinical comment'),
       (117, 11, 30, 'phenotype', 'HPO', 'HP:0000256', 'infantile', 'positive', 'Clinical comment'),
       (118, 11, 30, 'phenotype', 'HPO', 'HP:0000479', 'unknown', 'negative', 'Clinical comment'),
       (119, 11, 30, 'phenotype', 'HPO', 'HP:0000481', 'childhood', 'positive', 'Clinical comment'),
       (120, 11, 30, 'phenotype', 'HPO', 'HP:0000505', 'infantile', 'negative', 'Clinical comment'),
       (121, 11, 30, 'phenotype', 'HPO', 'HP:0000587', 'unknown', 'negative', 'Clinical comment'),
       (122, 11, 30, 'phenotype', 'HPO', 'HP:0000589', 'infantile', 'positive', 'Clinical comment'),
       (123, 11, 30, 'phenotype', 'HPO', 'HP:0001361', 'childhood', 'negative', 'Clinical comment'),
       (124, 11, 30, 'phenotype', 'HPO', 'HP:0001508', 'unknown', 'negative', 'Clinical comment'),
       (125, 11, 30, 'phenotype', 'HPO', 'HP:0001511', 'unknown', 'negative', 'Clinical comment'),
       (126, 11, 30, 'phenotype', 'HPO', 'HP:0001528', 'childhood', 'negative', 'Clinical comment'),
       (127, 11, 30, 'phenotype', 'HPO', 'HP:0001562', 'infantile', 'negative', 'Clinical comment'),
       (128, 11, 30, 'phenotype', 'HPO', 'HP:0001583', 'infantile', 'negative', 'Clinical comment'),
       (129, 11, 30, 'phenotype', 'HPO', 'HP:0001622', 'childhood', 'positive', 'Clinical comment'),
       (130, 18, 50, 'phenotype', 'HPO', 'HP:0001290', 'childhood', 'positive', 'Clinical comment'),
       (131, 18, 50, 'phenotype', 'HPO', 'HP:0000407', 'unknown', 'positive', 'Clinical comment'),
       (132, 18, 50, 'phenotype', 'HPO', 'HP:0000408', 'unknown', 'positive', 'Clinical comment'),
       (133, 18, 50, 'phenotype', 'HPO', 'HP:0001263', 'infantile', 'negative', 'Clinical comment'),
       (134, 18, 50, 'phenotype', 'HPO', 'HP:0001999', 'childhood', 'negative', 'Clinical comment'),
       (135, 18, 50, 'phenotype', 'HPO', 'HP:0011344', 'childhood', 'negative', 'Clinical comment'),
       (136, 18, 50, 'phenotype', 'HPO', 'HP:0011474', 'childhood', 'positive', 'Clinical comment'),
       (137, 18, 50, 'phenotype', 'HPO', 'HP:0001787', 'childhood', 'negative', 'Clinical comment'),
       (138, 18, 50, 'phenotype', 'HPO', 'HP:0001998', 'childhood', 'negative', 'Clinical comment'),
       (139, 18, 50, 'phenotype', 'HPO', 'HP:0002033', 'childhood', 'negative', 'Clinical comment'),
       (140, 18, 50, 'phenotype', 'HPO', 'HP:0004488', 'infantile', 'negative', 'Clinical comment'),
       (141, 18, 50, 'phenotype', 'HPO', 'HP:0009800', 'infantile', 'negative', 'Clinical comment'),
       (142, 18, 50, 'phenotype', 'HPO', 'HP:0010519', 'infantile', 'negative', 'Clinical comment'),
       (143, 18, 50, 'phenotype', 'HPO', 'HP:0100622', 'infantile', 'positive', 'Clinical comment'),
       (144, 18, 50, 'phenotype', 'HPO', 'HP:0001511', 'infantile', 'negative', 'Clinical comment'),
       (145, 18, 50, 'phenotype', 'HPO', 'HP:0001520', 'unknown', 'positive', 'Clinical comment'),
       (146, 18, 50, 'phenotype', 'HPO', 'HP:0001562', 'infantile', 'negative', 'Clinical comment'),
       (147, 18, 50, 'phenotype', 'HPO', 'HP:0001622', 'unknown', 'positive', 'Clinical comment'),
       (148, 18, 50, 'phenotype', 'HPO', 'HP:0001518', 'infantile', 'positive', 'Clinical comment'),
       (149, 18, 50, 'phenotype', 'HPO', 'HP:0001558', 'unknown', 'positive', 'Clinical comment'),
       (150, 18, 50, 'phenotype', 'HPO', 'HP:0001561', 'unknown', 'positive', 'Clinical comment'),
       (151, 18, 50, 'phenotype', 'HPO', 'HP:0002643', 'unknown', 'positive', 'Clinical comment'),
       (152, 18, 50, 'phenotype', 'HPO', 'HP:0003517', 'unknown', 'positive', 'Clinical comment'),
       (153, 18, 50, 'phenotype', 'HPO', 'HP:0003561', 'infantile', 'positive', 'Clinical comment'),
       (154, 18, 50, 'phenotype', 'HPO', 'HP:0006579', 'unknown', 'positive', 'Clinical comment'),
       (155, 18, 50, 'phenotype', 'HPO', 'HP:0030244', 'unknown', 'negative', 'Clinical comment'),
       (156, 18, 50, 'phenotype', 'HPO', 'HP:0040187', 'unknown', 'positive', 'Clinical comment'),
       (157, 2, 4, 'phenotype', 'HPO', 'HP:0001263', 'childhood', 'negative', 'Clinical comment'),
       (158, 7, 20, 'phenotype', 'HPO', 'HP:0002904', 'unknown', 'negative', 'Clinical comment'),
       (159, 7, 20, 'phenotype', 'HPO', 'HP:0010818', 'childhood', 'positive', 'Clinical comment'),
       (160, 7, 20, 'phenotype', 'HPO', 'HP:0011282', 'childhood', 'negative', 'Clinical comment'),
       (161, 7, 20, 'phenotype', 'HPO', 'HP:0000646', 'childhood', 'negative', 'Clinical comment'),
       (162, 7, 20, 'phenotype', 'HPO', 'HP:0000486', 'unknown', 'negative', 'Clinical comment'),
       (163, 7, 20, 'phenotype', 'HPO', 'HP:0000577', 'unknown', 'negative', 'Clinical comment'),
       (164, 7, 20, 'phenotype', 'HPO', 'HP:0001250', 'infantile', 'negative', 'Clinical comment'),
       (165, 7, 20, 'phenotype', 'HPO', 'HP:0002011', 'infantile', 'positive', 'Clinical comment'),
       (166, 7, 20, 'phenotype', 'HPO', 'HP:0002197', 'infantile', 'negative', 'Clinical comment'),
       (167, 7, 20, 'phenotype', 'HPO', 'HP:0004325', 'unknown', 'positive', 'Clinical comment'),
       (168, 7, 20, 'phenotype', 'HPO', 'HP:0007068', 'childhood', 'positive', 'Clinical comment'),
       (169, 7, 20, 'phenotype', 'HPO', 'HP:0010819', 'unknown', 'positive', 'Clinical comment'),
       (170, 7, 20, 'phenotype', 'HPO', 'HP:0012443', 'infantile', 'positive', 'Clinical comment'),
       (171, 7, 20, 'phenotype', 'HPO', 'HP:0009800', 'unknown', 'positive', 'Clinical comment'),
       (172, 7, 20, 'phenotype', 'HPO', 'HP:0010519', 'childhood', 'positive', 'Clinical comment'),
       (173, 7, 20, 'phenotype', 'HPO', 'HP:0100622', 'unknown', 'positive', 'Clinical comment'),
       (174, 7, 20, 'phenotype', 'HPO', 'HP:0000479', 'childhood', 'positive', 'Clinical comment'),
       (175, 7, 20, 'phenotype', 'HPO', 'HP:0000587', 'childhood', 'negative', 'Clinical comment'),
       (176, 7, 20, 'phenotype', 'HPO', 'HP:0001562', 'unknown', 'positive', 'Clinical comment'),
       (177, 7, 20, 'phenotype', 'HPO', 'HP:0001622', 'infantile', 'negative', 'Clinical comment'),
       (178, 7, 20, 'phenotype', 'HPO', 'HP:0000568', 'childhood', 'negative', 'Clinical comment'),
       (179, 7, 20, 'phenotype', 'HPO', 'HP:0001558', 'childhood', 'negative', 'Clinical comment'),
       (180, 7, 20, 'phenotype', 'HPO', 'HP:0001561', 'childhood', 'positive', 'Clinical comment'),
       (181, 7, 20, 'phenotype', 'HPO', 'HP:0030244', 'childhood', 'negative', 'Clinical comment'),
       (182, 9, 23, 'phenotype', 'HPO', 'HP:0001272', 'unknown', 'positive', 'Clinical comment'),
       (183, 9, 23, 'phenotype', 'HPO', 'HP:0001520', 'unknown', 'negative', 'Clinical comment'),
       (184, 9, 23, 'phenotype', 'HPO', 'HP:0001623', 'unknown', 'negative', 'Clinical comment'),
       (185, 9, 23, 'phenotype', 'HPO', 'HP:0100277', 'childhood', 'positive', 'Clinical comment'),
       (186, 9, 23, 'phenotype', 'HPO', 'HP:0000256', 'unknown', 'positive', 'Clinical comment'),
       (187, 9, 23, 'phenotype', 'HPO', 'HP:0006579', 'childhood', 'negative', 'Clinical comment'),
       (188, 9, 23, 'phenotype', 'HPO', 'HP:0001622', 'childhood', 'negative', 'Clinical comment'),
       (189, 21, 60, 'phenotype', 'HPO', 'HP:0001518', 'unknown', 'negative', 'Clinical comment'),
       (190, 21, 60, 'phenotype', 'HPO', 'HP:0001558', 'infantile', 'negative', 'Clinical comment'),
       (191, 21, 60, 'phenotype', 'HPO', 'HP:0001561', 'infantile', 'negative', 'Clinical comment'),
       (192, 21, 60, 'phenotype', 'HPO', 'HP:0002643', 'childhood', 'negative', 'Clinical comment'),
       (193, 21, 60, 'phenotype', 'HPO', 'HP:0003517', 'unknown', 'positive', 'Clinical comment'),
       (194, 21, 60, 'phenotype', 'HPO', 'HP:0003561', 'childhood', 'positive', 'Clinical comment'),
       (195, 21, 60, 'phenotype', 'HPO', 'HP:0006579', 'infantile', 'negative', 'Clinical comment'),
       (196, 21, 60, 'phenotype', 'HPO', 'HP:0030244', 'infantile', 'positive', 'Clinical comment'),
       (197, 21, 60, 'phenotype', 'HPO', 'HP:0040187', 'infantile', 'positive', 'Clinical comment'),
       (198, 21, 60, 'phenotype', 'HPO', 'HP:0001787', 'unknown', 'negative', 'Clinical comment'),
       (199, 21, 60, 'phenotype', 'HPO', 'HP:0001998', 'childhood', 'negative', 'Clinical comment'),
       (200, 21, 60, 'phenotype', 'HPO', 'HP:0002033', 'infantile', 'positive', 'Clinical comment'),
       (201, 21, 60, 'phenotype', 'HPO', 'HP:0004488', 'childhood', 'negative', 'Clinical comment'),
       (202, 21, 60, 'phenotype', 'HPO', 'HP:0009800', 'childhood', 'negative', 'Clinical comment'),
       (203, 21, 60, 'phenotype', 'HPO', 'HP:0010519', 'unknown', 'positive', 'Clinical comment'),
       (204, 21, 60, 'phenotype', 'HPO', 'HP:0011451', 'infantile', 'positive', 'Clinical comment'),
       (205, 21, 60, 'phenotype', 'HPO', 'HP:0100622', 'infantile', 'positive', 'Clinical comment'),
       (206, 21, 60, 'phenotype', 'HPO', 'HP:0001511', 'unknown', 'positive', 'Clinical comment'),
       (207, 21, 60, 'phenotype', 'HPO', 'HP:0001520', 'infantile', 'positive', 'Clinical comment'),
       (208, 21, 60, 'phenotype', 'HPO', 'HP:0001562', 'childhood', 'positive', 'Clinical comment'),
       (209, 21, 60, 'phenotype', 'HPO', 'HP:0001622', 'infantile', 'positive', 'Clinical comment'),
       (210, 6, 16, 'phenotype', 'HPO', 'HP:0001263', 'unknown', 'positive', 'Clinical comment'),
       (211, 6, 16, 'phenotype', 'HPO', 'HP:0001290', 'unknown', 'negative', 'Clinical comment'),
       (212, 6, 16, 'phenotype', 'HPO', 'HP:0001622', 'unknown', 'positive', 'Clinical comment'),
       (213, 3, 8, 'phenotype', 'HPO', 'HP:0001263', 'infantile', 'negative', 'Clinical comment'),
       (214, 3, 8, 'phenotype', 'HPO', 'HP:0011451', 'unknown', 'positive', 'Clinical comment'),
       (215, 3, 8, 'phenotype', 'HPO', 'HP:0001622', 'childhood', 'negative', 'Clinical comment'),
       (216, 4, 10, 'phenotype', 'HPO', 'HP:0001257', 'childhood', 'positive', 'Clinical comment'),
       (217, 4, 10, 'phenotype', 'HPO', 'HP:0001344', 'childhood', 'negative', 'Clinical comment'),
       (218, 4, 10, 'phenotype', 'HPO', 'HP:0006863', 'infantile', 'negative', 'Clinical comment'),
       (219, 4, 10, 'phenotype', 'HPO', 'HP:0025335', 'infantile', 'negative', 'Clinical comment'),
       (220, 4, 10, 'phenotype', 'HPO', 'HP:0025336', 'infantile', 'negative', 'Clinical comment'),
       (221, 4, 10, 'phenotype', 'HPO', 'HP:0000750', 'infantile', 'positive', 'Clinical comment'),
       (222, 4, 10, 'phenotype', 'HPO', 'HP:0001263', 'childhood', 'negative', 'Clinical comment'),
       (223, 4, 10, 'phenotype', 'HPO', 'HP:0001276', 'unknown', 'positive', 'Clinical comment'),
       (224, 4, 10, 'phenotype', 'HPO', 'HP:0001328', 'unknown', 'positive', 'Clinical comment'),
       (225, 4, 10, 'phenotype', 'HPO', 'HP:0002194', 'infantile', 'negative', 'Clinical comment'),
       (226, 4, 10, 'phenotype', 'HPO', 'HP:0002474', 'unknown', 'negative', 'Clinical comment'),
       (227, 4, 10, 'phenotype', 'HPO', 'HP:0007728', 'unknown', 'positive', 'Clinical comment'),
       (228, 4, 10, 'phenotype', 'HPO', 'HP:0010862', 'unknown', 'negative', 'Clinical comment'),
       (229, 4, 10, 'phenotype', 'HPO', 'HP:0011344', 'unknown', 'positive', 'Clinical comment'),
       (230, 4, 10, 'phenotype', 'HPO', 'HP:0001787', 'childhood', 'positive', 'Clinical comment'),
       (231, 4, 10, 'phenotype', 'HPO', 'HP:0001998', 'unknown', 'negative', 'Clinical comment'),
       (232, 4, 10, 'phenotype', 'HPO', 'HP:0002033', 'childhood', 'negative', 'Clinical comment'),
       (233, 4, 10, 'phenotype', 'HPO', 'HP:0004488', 'childhood', 'positive', 'Clinical comment'),
       (234, 4, 10, 'phenotype', 'HPO', 'HP:0009800', 'unknown', 'negative', 'Clinical comment'),
       (235, 4, 10, 'phenotype', 'HPO', 'HP:0010519', 'childhood', 'negative', 'Clinical comment'),
       (236, 4, 10, 'phenotype', 'HPO', 'HP:0011342', 'infantile', 'positive', 'Clinical comment'),
       (237, 4, 10, 'phenotype', 'HPO', 'HP:0011346', 'unknown', 'positive', 'Clinical comment'),
       (238, 4, 10, 'phenotype', 'HPO', 'HP:0012736', 'infantile', 'positive', 'Clinical comment'),
       (239, 4, 10, 'phenotype', 'HPO', 'HP:0100622', 'unknown', 'positive', 'Clinical comment'),
       (240, 4, 10, 'phenotype', 'HPO', 'HP:0001511', 'unknown', 'positive', 'Clinical comment'),
       (241, 4, 10, 'phenotype', 'HPO', 'HP:0001520', 'infantile', 'negative', 'Clinical comment'),
       (242, 4, 10, 'phenotype', 'HPO', 'HP:0001562', 'unknown', 'positive', 'Clinical comment'),
       (243, 4, 10, 'phenotype', 'HPO', 'HP:0001622', 'childhood', 'negative', 'Clinical comment'),
       (244, 4, 10, 'phenotype', 'HPO', 'HP:0001518', 'childhood', 'positive', 'Clinical comment'),
       (245, 4, 10, 'phenotype', 'HPO', 'HP:0001558', 'childhood', 'positive', 'Clinical comment'),
       (246, 4, 10, 'phenotype', 'HPO', 'HP:0001561', 'unknown', 'negative', 'Clinical comment'),
       (247, 4, 10, 'phenotype', 'HPO', 'HP:0002643', 'infantile', 'negative', 'Clinical comment'),
       (248, 4, 10, 'phenotype', 'HPO', 'HP:0003517', 'childhood', 'negative', 'Clinical comment'),
       (249, 4, 10, 'phenotype', 'HPO', 'HP:0006579', 'childhood', 'negative', 'Clinical comment'),
       (250, 4, 10, 'phenotype', 'HPO', 'HP:0011343', 'infantile', 'positive', 'Clinical comment'),
       (251, 4, 10, 'phenotype', 'HPO', 'HP:0011345', 'unknown', 'negative', 'Clinical comment'),
       (252, 4, 10, 'phenotype', 'HPO', 'HP:0030244', 'unknown', 'positive', 'Clinical comment'),
       (253, 4, 10, 'phenotype', 'HPO', 'HP:0040187', 'infantile', 'negative', 'Clinical comment'),
       (254, 5, 15, 'phenotype', 'HPO', 'HP:0001319', 'infantile', 'negative', 'Clinical comment'),
       (255, 5, 15, 'phenotype', 'HPO', 'HP:0001513', 'unknown', 'positive', 'Clinical comment'),
       (256, 5, 15, 'phenotype', 'HPO', 'HP:0004324', 'infantile', 'positive', 'Clinical comment'),
       (257, 5, 15, 'phenotype', 'HPO', 'HP:0001787', 'unknown', 'positive', 'Clinical comment'),
       (258, 5, 15, 'phenotype', 'HPO', 'HP:0001998', 'unknown', 'positive', 'Clinical comment'),
       (259, 5, 15, 'phenotype', 'HPO', 'HP:0009800', 'infantile', 'positive', 'Clinical comment'),
       (260, 5, 15, 'phenotype', 'HPO', 'HP:0010519', 'infantile', 'negative', 'Clinical comment'),
       (261, 5, 15, 'phenotype', 'HPO', 'HP:0100622', 'infantile', 'positive', 'Clinical comment'),
       (262, 5, 15, 'phenotype', 'HPO', 'HP:0001511', 'childhood', 'positive', 'Clinical comment'),
       (263, 5, 15, 'phenotype', 'HPO', 'HP:0001562', 'childhood', 'negative', 'Clinical comment'),
       (264, 5, 15, 'phenotype', 'HPO', 'HP:0001622', 'unknown', 'positive', 'Clinical comment'),
       (265, 5, 15, 'phenotype', 'HPO', 'HP:0001558', 'infantile', 'negative', 'Clinical comment'),
       (266, 5, 15, 'phenotype', 'HPO', 'HP:0001561', 'unknown', 'negative', 'Clinical comment'),
       (267, 5, 15, 'phenotype', 'HPO', 'HP:0002643', 'infantile', 'negative', 'Clinical comment'),
       (268, 5, 15, 'phenotype', 'HPO', 'HP:0006579', 'childhood', 'negative', 'Clinical comment'),
       (269, 5, 15, 'phenotype', 'HPO', 'HP:0030244', 'childhood', 'positive', 'Clinical comment'),
       (270, 5, 15, 'phenotype', 'HPO', 'HP:0040187', 'infantile', 'negative', 'Clinical comment'),
       (271, 12, 34, 'phenotype', 'HPO', 'HP:0001257', 'childhood', 'negative', 'Clinical comment'),
       (272, 12, 34, 'phenotype', 'HPO', 'HP:0001290', 'childhood', 'negative', 'Clinical comment'),
       (273, 12, 34, 'phenotype', 'HPO', 'HP:0031165', 'infantile', 'positive', 'Clinical comment'),
       (274, 12, 34, 'phenotype', 'HPO', 'HP:0001250', 'childhood', 'negative', 'Clinical comment'),
       (275, 12, 34, 'phenotype', 'HPO', 'HP:0001263', 'infantile', 'positive', 'Clinical comment'),
       (276, 12, 34, 'phenotype', 'HPO', 'HP:0002072', 'childhood', 'positive', 'Clinical comment'),
       (277, 12, 34, 'phenotype', 'HPO', 'HP:0002266', 'infantile', 'negative', 'Clinical comment'),
       (278, 12, 34, 'phenotype', 'HPO', 'HP:0002384', 'infantile', 'negative', 'Clinical comment'),
       (279, 12, 34, 'phenotype', 'HPO', 'HP:0004322', 'infantile', 'negative', 'Clinical comment'),
       (280, 12, 34, 'phenotype', 'HPO', 'HP:0007359', 'childhood', 'negative', 'Clinical comment'),
       (281, 12, 34, 'phenotype', 'HPO', 'HP:0011146', 'infantile', 'positive', 'Clinical comment'),
       (282, 12, 34, 'phenotype', 'HPO', 'HP:0011153', 'unknown', 'positive', 'Clinical comment'),
       (283, 12, 34, 'phenotype', 'HPO', 'HP:0011344', 'unknown', 'negative', 'Clinical comment'),
       (284, 12, 34, 'phenotype', 'HPO', 'HP:0012736', 'childhood', 'positive', 'Clinical comment'),
       (285, 12, 34, 'phenotype', 'HPO', 'HP:0000252', 'childhood', 'negative', 'Clinical comment'),
       (286, 12, 34, 'phenotype', 'HPO', 'HP:0001787', 'childhood', 'negative', 'Clinical comment'),
       (287, 12, 34, 'phenotype', 'HPO', 'HP:0001998', 'childhood', 'negative', 'Clinical comment'),
       (288, 12, 34, 'phenotype', 'HPO', 'HP:0002033', 'childhood', 'negative', 'Clinical comment'),
       (289, 12, 34, 'phenotype', 'HPO', 'HP:0004488', 'childhood', 'negative', 'Clinical comment'),
       (290, 12, 34, 'phenotype', 'HPO', 'HP:0009800', 'infantile', 'negative', 'Clinical comment'),
       (291, 12, 34, 'phenotype', 'HPO', 'HP:0010519', 'infantile', 'negative', 'Clinical comment'),
       (292, 12, 34, 'phenotype', 'HPO', 'HP:0100622', 'infantile', 'negative', 'Clinical comment'),
       (293, 12, 34, 'phenotype', 'HPO', 'HP:0001511', 'infantile', 'positive', 'Clinical comment'),
       (294, 12, 34, 'phenotype', 'HPO', 'HP:0001520', 'infantile', 'negative', 'Clinical comment'),
       (295, 12, 34, 'phenotype', 'HPO', 'HP:0001562', 'unknown', 'positive', 'Clinical comment'),
       (296, 12, 34, 'phenotype', 'HPO', 'HP:0001622', 'unknown', 'positive', 'Clinical comment'),
       (297, 12, 34, 'phenotype', 'HPO', 'HP:0001558', 'unknown', 'positive', 'Clinical comment'),
       (298, 12, 34, 'phenotype', 'HPO', 'HP:0001561', 'infantile', 'positive', 'Clinical comment'),
       (299, 12, 34, 'phenotype', 'HPO', 'HP:0002643', 'unknown', 'positive', 'Clinical comment'),
       (300, 12, 34, 'phenotype', 'HPO', 'HP:0003517', 'unknown', 'positive', 'Clinical comment'),
       (301, 12, 34, 'phenotype', 'HPO', 'HP:0006579', 'unknown', 'positive', 'Clinical comment'),
       (302, 12, 34, 'phenotype', 'HPO', 'HP:0030244', 'unknown', 'negative', 'Clinical comment'),
       (303, 12, 34, 'phenotype', 'HPO', 'HP:0040187', 'unknown', 'negative', 'Clinical comment'),
       (304, 14, 39, 'phenotype', 'HPO', 'HP:0001263', 'unknown', 'negative', 'Clinical comment'),
       (305, 14, 39, 'phenotype', 'HPO', 'HP:0001999', 'infantile', 'negative', 'Clinical comment'),
       (306, 14, 39, 'phenotype', 'HPO', 'HP:0012498', 'infantile', 'negative', 'Clinical comment'),
       (307, 14, 39, 'phenotype', 'HPO', 'HP:0012736', 'infantile', 'negative', 'Clinical comment'),
       (308, 14, 39, 'phenotype', 'HPO', 'HP:0000280', 'childhood', 'positive', 'Clinical comment'),
       (309, 14, 39, 'phenotype', 'HPO', 'HP:0000325', 'unknown', 'positive', 'Clinical comment'),
       (310, 14, 39, 'phenotype', 'HPO', 'HP:0001195', 'childhood', 'positive', 'Clinical comment'),
       (311, 14, 39, 'phenotype', 'HPO', 'HP:0000175', 'infantile', 'negative', 'Clinical comment'),
       (312, 14, 39, 'phenotype', 'HPO', 'HP:0001257', 'unknown', 'positive', 'Clinical comment'),
       (313, 14, 39, 'phenotype', 'HPO', 'HP:0001290', 'infantile', 'negative', 'Clinical comment'),
       (314, 14, 39, 'phenotype', 'HPO', 'HP:0001363', 'childhood', 'positive', 'Clinical comment'),
       (315, 14, 39, 'phenotype', 'HPO', 'HP:0001518', 'unknown', 'positive', 'Clinical comment'),
       (316, 14, 39, 'phenotype', 'HPO', 'HP:0001558', 'unknown', 'positive', 'Clinical comment'),
       (317, 14, 39, 'phenotype', 'HPO', 'HP:0001561', 'childhood', 'negative', 'Clinical comment'),
       (318, 14, 39, 'phenotype', 'HPO', 'HP:0002643', 'unknown', 'negative', 'Clinical comment'),
       (319, 14, 39, 'phenotype', 'HPO', 'HP:0003517', 'childhood', 'negative', 'Clinical comment'),
       (320, 14, 39, 'phenotype', 'HPO', 'HP:0003561', 'childhood', 'negative', 'Clinical comment'),
       (321, 14, 39, 'phenotype', 'HPO', 'HP:0006579', 'childhood', 'negative', 'Clinical comment'),
       (322, 14, 39, 'phenotype', 'HPO', 'HP:0010301', 'infantile', 'negative', 'Clinical comment'),
       (323, 14, 39, 'phenotype', 'HPO', 'HP:0030244', 'infantile', 'positive', 'Clinical comment'),
       (324, 14, 39, 'phenotype', 'HPO', 'HP:0040187', 'infantile', 'negative', 'Clinical comment'),
       (325, 14, 39, 'phenotype', 'HPO', 'HP:0001787', 'infantile', 'negative', 'Clinical comment'),
       (326, 14, 39, 'phenotype', 'HPO', 'HP:0001998', 'infantile', 'negative', 'Clinical comment'),
       (327, 14, 39, 'phenotype', 'HPO', 'HP:0002033', 'unknown', 'positive', 'Clinical comment'),
       (328, 14, 39, 'phenotype', 'HPO', 'HP:0002072', 'childhood', 'positive', 'Clinical comment'),
       (329, 14, 39, 'phenotype', 'HPO', 'HP:0004488', 'infantile', 'positive', 'Clinical comment'),
       (330, 14, 39, 'phenotype', 'HPO', 'HP:0004875', 'childhood', 'positive', 'Clinical comment'),
       (331, 14, 39, 'phenotype', 'HPO', 'HP:0009800', 'infantile', 'negative', 'Clinical comment'),
       (332, 14, 39, 'phenotype', 'HPO', 'HP:0010519', 'childhood', 'negative', 'Clinical comment'),
       (333, 14, 39, 'phenotype', 'HPO', 'HP:0011451', 'infantile', 'negative', 'Clinical comment'),
       (334, 14, 39, 'phenotype', 'HPO', 'HP:0012768', 'childhood', 'positive', 'Clinical comment'),
       (335, 14, 39, 'phenotype', 'HPO', 'HP:0100622', 'childhood', 'negative', 'Clinical comment'),
       (336, 14, 39, 'phenotype', 'HPO', 'HP:0000204', 'childhood', 'positive', 'Clinical comment'),
       (337, 14, 39, 'phenotype', 'HPO', 'HP:0000339', 'infantile', 'negative', 'Clinical comment'),
       (338, 14, 39, 'phenotype', 'HPO', 'HP:0001250', 'unknown', 'negative', 'Clinical comment'),
       (339, 14, 39, 'phenotype', 'HPO', 'HP:0001251', 'childhood', 'negative', 'Clinical comment'),
       (340, 14, 39, 'phenotype', 'HPO', 'HP:0001332', 'childhood', 'positive', 'Clinical comment'),
       (341, 14, 39, 'phenotype', 'HPO', 'HP:0001511', 'childhood', 'positive', 'Clinical comment'),
       (342, 14, 39, 'phenotype', 'HPO', 'HP:0001520', 'childhood', 'negative', 'Clinical comment'),
       (343, 14, 39, 'phenotype', 'HPO', 'HP:0001562', 'childhood', 'positive', 'Clinical comment'),
       (344, 14, 39, 'phenotype', 'HPO', 'HP:0001622', 'infantile', 'negative', 'Clinical comment'),
       (345, 10, 27, 'phenotype', 'HPO', 'HP:0006986', 'childhood', 'positive', 'Clinical comment'),
       (346, 10, 27, 'phenotype', 'HPO', 'HP:0000256', 'infantile', 'negative', 'Clinical comment'),
       (347, 10, 27, 'phenotype', 'HPO', 'HP:0001257', 'unknown', 'positive', 'Clinical comment'),
       (348, 10, 27, 'phenotype', 'HPO', 'HP:0001290', 'childhood', 'positive', 'Clinical comment'),
       (349, 10, 27, 'phenotype', 'HPO', 'HP:0003517', 'unknown', 'positive', 'Clinical comment'),
       (350, 10, 27, 'phenotype', 'HPO', 'HP:0001998', 'infantile', 'negative', 'Clinical comment'),
       (351, 10, 27, 'phenotype', 'HPO', 'HP:0002033', 'infantile', 'negative', 'Clinical comment'),
       (352, 10, 27, 'phenotype', 'HPO', 'HP:0001520', 'unknown', 'positive', 'Clinical comment'),
       (353, 10, 27, 'phenotype', 'HPO', 'HP:0001622', 'unknown', 'positive', 'Clinical comment'),
       (354, 10, 27, 'phenotype', 'HPO', 'HP:0001518', 'childhood', 'positive', 'Clinical comment'),
       (355, 10, 27, 'phenotype', 'HPO', 'HP:0002643', 'unknown', 'negative', 'Clinical comment'),
       (356, 10, 27, 'phenotype', 'HPO', 'HP:0006579', 'childhood', 'negative', 'Clinical comment'),
       (357, 10, 27, 'phenotype', 'HPO', 'HP:0040187', 'infantile', 'negative', 'Clinical comment'),
       (358, 1, 3, 'phenotype', 'HPO', 'HP:0000717', 'childhood', 'negative', 'Clinical comment'),
       (359, 1, 3, 'phenotype', 'HPO', 'HP:0001263', 'childhood', 'negative', 'Clinical comment'),
       (360, 19, 55, 'phenotype', 'HPO', 'HP:0001998', 'childhood', 'positive', 'Clinical comment'),
       (361, 19, 55, 'phenotype', 'HPO', 'HP:0002033', 'childhood', 'negative', 'Clinical comment'),
       (362, 19, 55, 'phenotype', 'HPO', 'HP:0009800', 'infantile', 'negative', 'Clinical comment'),
       (363, 19, 55, 'phenotype', 'HPO', 'HP:0010519', 'infantile', 'negative', 'Clinical comment'),
       (364, 19, 55, 'phenotype', 'HPO', 'HP:0100622', 'unknown', 'negative', 'Clinical comment'),
       (365, 19, 55, 'phenotype', 'HPO', 'HP:0001511', 'childhood', 'positive', 'Clinical comment'),
       (366, 19, 55, 'phenotype', 'HPO', 'HP:0001562', 'infantile', 'positive', 'Clinical comment'),
       (367, 19, 55, 'phenotype', 'HPO', 'HP:0001622', 'unknown', 'positive', 'Clinical comment'),
       (368, 19, 55, 'phenotype', 'HPO', 'HP:0001558', 'infantile', 'negative', 'Clinical comment'),
       (369, 19, 55, 'phenotype', 'HPO', 'HP:0001561', 'unknown', 'positive', 'Clinical comment'),
       (370, 19, 55, 'phenotype', 'HPO', 'HP:0002643', 'unknown', 'negative', 'Clinical comment'),
       (371, 19, 55, 'phenotype', 'HPO', 'HP:0006579', 'unknown', 'negative', 'Clinical comment'),
       (372, 19, 55, 'phenotype', 'HPO', 'HP:0030244', 'childhood', 'negative', 'Clinical comment'),
       (373, 19, 55, 'phenotype', 'HPO', 'HP:0040187', 'childhood', 'negative', 'Clinical comment'),
       (374, 8, 22, 'phenotype', 'HPO', 'HP:0002069', 'childhood', 'negative', 'Clinical comment'),
       (375, 8, 22, 'phenotype', 'HPO', 'HP:0002123', 'childhood', 'negative', 'Clinical comment'),
       (376, 8, 22, 'phenotype', 'HPO', 'HP:0001250', 'infantile', 'negative', 'Clinical comment'),
       (377, 8, 22, 'phenotype', 'HPO', 'HP:0002197', 'unknown', 'positive', 'Clinical comment'),
       (378, 8, 22, 'phenotype', 'HPO', 'HP:0001629', 'childhood', 'negative', 'Clinical comment'),
       (379, 8, 22, 'phenotype', 'HPO', 'HP:0001636', 'infantile', 'negative', 'Clinical comment'),
       (380, 8, 22, 'phenotype', 'HPO', 'HP:0001680', 'infantile', 'positive', 'Clinical comment'),
       (381, 8, 22, 'phenotype', 'HPO', 'HP:0001738', 'infantile', 'negative', 'Clinical comment'),
       (382, 8, 22, 'phenotype', 'HPO', 'HP:0001787', 'unknown', 'positive', 'Clinical comment'),
       (383, 8, 22, 'phenotype', 'HPO', 'HP:0001998', 'unknown', 'positive', 'Clinical comment'),
       (384, 8, 22, 'phenotype', 'HPO', 'HP:0001999', 'unknown', 'negative', 'Clinical comment'),
       (385, 8, 22, 'phenotype', 'HPO', 'HP:0002033', 'infantile', 'negative', 'Clinical comment'),
       (386, 8, 22, 'phenotype', 'HPO', 'HP:0002088', 'childhood', 'negative', 'Clinical comment'),
       (387, 8, 22, 'phenotype', 'HPO', 'HP:0002251', 'unknown', 'negative', 'Clinical comment'),
       (388, 8, 22, 'phenotype', 'HPO', 'HP:0002652', 'childhood', 'positive', 'Clinical comment'),
       (389, 8, 22, 'phenotype', 'HPO', 'HP:0002659', 'childhood', 'negative', 'Clinical comment'),
       (390, 8, 22, 'phenotype', 'HPO', 'HP:0004467', 'childhood', 'negative', 'Clinical comment'),
       (391, 8, 22, 'phenotype', 'HPO', 'HP:0004488', 'childhood', 'negative', 'Clinical comment'),
       (392, 8, 22, 'phenotype', 'HPO', 'HP:0005306', 'childhood', 'negative', 'Clinical comment'),
       (393, 8, 22, 'phenotype', 'HPO', 'HP:0009800', 'childhood', 'negative', 'Clinical comment'),
       (394, 8, 22, 'phenotype', 'HPO', 'HP:0009816', 'infantile', 'negative', 'Clinical comment'),
       (395, 8, 22, 'phenotype', 'HPO', 'HP:0010519', 'childhood', 'positive', 'Clinical comment'),
       (396, 8, 22, 'phenotype', 'HPO', 'HP:0011451', 'infantile', 'negative', 'Clinical comment'),
       (397, 8, 22, 'phenotype', 'HPO', 'HP:0011675', 'unknown', 'positive', 'Clinical comment'),
       (398, 8, 22, 'phenotype', 'HPO', 'HP:0100622', 'infantile', 'negative', 'Clinical comment'),
       (399, 8, 22, 'phenotype', 'HPO', 'HP:0000028', 'unknown', 'positive', 'Clinical comment'),
       (400, 8, 22, 'phenotype', 'HPO', 'HP:0000062', 'infantile', 'positive', 'Clinical comment'),
       (401, 8, 22, 'phenotype', 'HPO', 'HP:0000107', 'unknown', 'positive', 'Clinical comment'),
       (402, 8, 22, 'phenotype', 'HPO', 'HP:0000204', 'unknown', 'negative', 'Clinical comment'),
       (403, 8, 22, 'phenotype', 'HPO', 'HP:0000819', 'unknown', 'positive', 'Clinical comment'),
       (404, 8, 22, 'phenotype', 'HPO', 'HP:0000953', 'childhood', 'positive', 'Clinical comment'),
       (405, 8, 22, 'phenotype', 'HPO', 'HP:0001010', 'infantile', 'negative', 'Clinical comment'),
       (406, 8, 22, 'phenotype', 'HPO', 'HP:0001396', 'childhood', 'positive', 'Clinical comment'),
       (407, 8, 22, 'phenotype', 'HPO', 'HP:0001511', 'unknown', 'negative', 'Clinical comment'),
       (408, 8, 22, 'phenotype', 'HPO', 'HP:0001520', 'unknown', 'positive', 'Clinical comment'),
       (409, 8, 22, 'phenotype', 'HPO', 'HP:0001562', 'childhood', 'positive', 'Clinical comment'),
       (410, 8, 22, 'phenotype', 'HPO', 'HP:0001622', 'unknown', 'negative', 'Clinical comment'),
       (411, 8, 22, 'phenotype', 'HPO', 'HP:0000047', 'childhood', 'positive', 'Clinical comment'),
       (412, 8, 22, 'phenotype', 'HPO', 'HP:0000069', 'childhood', 'negative', 'Clinical comment'),
       (413, 8, 22, 'phenotype', 'HPO', 'HP:0000085', 'unknown', 'negative', 'Clinical comment'),
       (414, 8, 22, 'phenotype', 'HPO', 'HP:0000175', 'unknown', 'negative', 'Clinical comment'),
       (415, 8, 22, 'phenotype', 'HPO', 'HP:0000384', 'unknown', 'negative', 'Clinical comment'),
       (416, 8, 22, 'phenotype', 'HPO', 'HP:0000776', 'infantile', 'negative', 'Clinical comment'),
       (417, 8, 22, 'phenotype', 'HPO', 'HP:0000795', 'childhood', 'positive', 'Clinical comment'),
       (418, 8, 22, 'phenotype', 'HPO', 'HP:0001363', 'childhood', 'negative', 'Clinical comment'),
       (419, 8, 22, 'phenotype', 'HPO', 'HP:0001518', 'unknown', 'positive', 'Clinical comment'),
       (420, 8, 22, 'phenotype', 'HPO', 'HP:0001539', 'childhood', 'negative', 'Clinical comment'),
       (421, 8, 22, 'phenotype', 'HPO', 'HP:0001543', 'unknown', 'positive', 'Clinical comment'),
       (422, 8, 22, 'phenotype', 'HPO', 'HP:0001558', 'infantile', 'positive', 'Clinical comment'),
       (423, 8, 22, 'phenotype', 'HPO', 'HP:0001561', 'infantile', 'positive', 'Clinical comment'),
       (424, 8, 22, 'phenotype', 'HPO', 'HP:0001631', 'childhood', 'positive', 'Clinical comment'),
       (425, 8, 22, 'phenotype', 'HPO', 'HP:0001638', 'unknown', 'positive', 'Clinical comment'),
       (426, 8, 22, 'phenotype', 'HPO', 'HP:0001674', 'unknown', 'positive', 'Clinical comment'),
       (427, 8, 22, 'phenotype', 'HPO', 'HP:0002032', 'childhood', 'negative', 'Clinical comment'),
       (428, 8, 22, 'phenotype', 'HPO', 'HP:0002575', 'infantile', 'positive', 'Clinical comment'),
       (429, 8, 22, 'phenotype', 'HPO', 'HP:0002643', 'infantile', 'negative', 'Clinical comment'),
       (430, 8, 22, 'phenotype', 'HPO', 'HP:0002910', 'childhood', 'negative', 'Clinical comment'),
       (431, 8, 22, 'phenotype', 'HPO', 'HP:0003517', 'childhood', 'positive', 'Clinical comment'),
       (432, 8, 22, 'phenotype', 'HPO', 'HP:0003561', 'childhood', 'positive', 'Clinical comment'),
       (433, 8, 22, 'phenotype', 'HPO', 'HP:0006579', 'childhood', 'positive', 'Clinical comment'),
       (434, 8, 22, 'phenotype', 'HPO', 'HP:0009824', 'unknown', 'negative', 'Clinical comment'),
       (435, 8, 22, 'phenotype', 'HPO', 'HP:0011276', 'infantile', 'negative', 'Clinical comment'),
       (436, 8, 22, 'phenotype', 'HPO', 'HP:0030244', 'infantile', 'positive', 'Clinical comment'),
       (437, 8, 22, 'phenotype', 'HPO', 'HP:0040187', 'infantile', 'positive', 'Clinical comment'),
       (438, 20, 58, 'phenotype', 'HPO', 'HP:0000708', 'infantile', 'positive', 'Clinical comment'),
       (439, 20, 58, 'phenotype', 'HPO', 'HP:0001250', 'infantile', 'positive', 'Clinical comment'),
       (440, 20, 58, 'phenotype', 'HPO', 'HP:0001263', 'unknown', 'positive', 'Clinical comment'),
       (441, 20, 58, 'phenotype', 'HPO', 'HP:0007359', 'infantile', 'positive', 'Clinical comment'),
       (442, 20, 58, 'phenotype', 'HPO', 'HP:0011342', 'childhood', 'negative', 'Clinical comment'),
       (443, 20, 58, 'phenotype', 'HPO', 'HP:0001290', 'childhood', 'negative', 'Clinical comment'),
       (444, 20, 58, 'phenotype', 'HPO', 'HP:0000750', 'infantile', 'negative', 'Clinical comment'),
       (445, 20, 58, 'phenotype', 'HPO', 'HP:0001558', 'childhood', 'negative', 'Clinical comment'),
       (446, 20, 58, 'phenotype', 'HPO', 'HP:0001561', 'childhood', 'negative', 'Clinical comment'),
       (447, 20, 58, 'phenotype', 'HPO', 'HP:0002643', 'childhood', 'positive', 'Clinical comment'),
       (448, 20, 58, 'phenotype', 'HPO', 'HP:0003517', 'infantile', 'negative', 'Clinical comment'),
       (449, 20, 58, 'phenotype', 'HPO', 'HP:0003561', 'infantile', 'positive', 'Clinical comment'),
       (450, 20, 58, 'phenotype', 'HPO', 'HP:0006579', 'infantile', 'negative', 'Clinical comment'),
       (451, 20, 58, 'phenotype', 'HPO', 'HP:0030244', 'infantile', 'positive', 'Clinical comment'),
       (452, 20, 58, 'phenotype', 'HPO', 'HP:0040187', 'childhood', 'positive', 'Clinical comment'),
       (453, 20, 58, 'phenotype', 'HPO', 'HP:0001787', 'unknown', 'positive', 'Clinical comment'),
       (454, 20, 58, 'phenotype', 'HPO', 'HP:0001998', 'unknown', 'positive', 'Clinical comment'),
       (455, 20, 58, 'phenotype', 'HPO', 'HP:0002033', 'unknown', 'positive', 'Clinical comment'),
       (456, 20, 58, 'phenotype', 'HPO', 'HP:0004488', 'unknown', 'negative', 'Clinical comment'),
       (457, 20, 58, 'phenotype', 'HPO', 'HP:0009800', 'unknown', 'negative', 'Clinical comment'),
       (458, 20, 58, 'phenotype', 'HPO', 'HP:0010519', 'unknown', 'positive', 'Clinical comment'),
       (459, 20, 58, 'phenotype', 'HPO', 'HP:0100622', 'unknown', 'positive', 'Clinical comment'),
       (460, 20, 58, 'phenotype', 'HPO', 'HP:0001511', 'childhood', 'negative', 'Clinical comment'),
       (461, 20, 58, 'phenotype', 'HPO', 'HP:0001520', 'childhood', 'negative', 'Clinical comment'),
       (462, 20, 58, 'phenotype', 'HPO', 'HP:0001562', 'unknown', 'negative', 'Clinical comment'),
       (463, 20, 58, 'phenotype', 'HPO', 'HP:0001622', 'childhood', 'negative', 'Clinical comment')
ON CONFLICT (id) DO NOTHING;

INSERT INTO "sequencing_experiment" (id, sample_id, status_code, aliquot,
                                     sequencing_lab_id, run_name, run_alias, run_date, capture_kit, created_on,
                                     updated_on, experimental_strategy_code, sequencing_read_technology_code,
                                     platform_code)
VALUES (1, 1, 'completed', 'NA12892', 6, 1617, 'A00516_0169', '2021-08-17', 'SureSelect Custom DNA Target',
        '2021-09-12T13:08:00-04:00', '2021-09-12T13:08:00-04:00', 'wgs', 'short_read', 'illumina'),
       (2, 2, 'completed', 'NA12891', 6, 1618, 'A00516_0170', '2021-08-17', 'SureSelect Custom DNA Target',
        '2021-09-12T13:08:00-04:00', '2021-09-12T13:08:00-04:00', 'wgs', 'short_read', 'illumina'),
       (3, 3, 'completed', 'NA12878', 6, 1619, 'A00516_0171', '2021-08-17', 'SureSelect Custom DNA Target',
        '2021-09-12T13:08:00-04:00', '2021-09-12T13:08:00-04:00', 'wgs', 'short_read', 'illumina'),
       (4, 4, 'completed', 'S13227', 6, 1620, 'A00516_0172', '2021-08-17', 'SureSelect Custom DNA Target',
        '2021-09-12T13:08:00-04:00', '2021-09-12T13:08:00-04:00', 'wgs', 'short_read', 'illumina'),
       (5, 5, 'completed', 'S13228', 6, 1621, 'A00516_0173', '2021-08-17', 'SureSelect Custom DNA Target',
        '2021-09-12T13:08:00-04:00', '2021-09-12T13:08:00-04:00', 'wgs', 'short_read', 'illumina'),
       (6, 6, 'completed', 'S13229', 6, 1622, 'A00516_0174', '2021-08-17', 'SureSelect Custom DNA Target',
        '2021-09-12T13:08:00-04:00', '2021-09-12T13:08:00-04:00', 'wgs', 'short_read', 'illumina'),
       (7, 7, 'incomplete', 'S13230', 6, 1623, 'A00516_0175', '2021-08-17', 'SureSelect Custom DNA Target',
        '2021-09-12T13:08:00-04:00', '2021-09-12T13:08:00-04:00', 'wgs', 'short_read', 'illumina'),
       (8, 8, 'completed', 'S13231', 6, 1624, 'A00516_0176', '2021-08-17', 'SureSelect Custom DNA Target',
        '2021-09-12T13:08:00-04:00', '2021-09-12T13:08:00-04:00', 'wgs', 'short_read', 'illumina'),
       (9, 9, 'completed', 'S13232', 6, 1625, 'A00516_0177', '2021-08-17', 'SureSelect Custom DNA Target',
        '2021-09-12T13:08:00-04:00', '2021-09-12T13:08:00-04:00', 'wgs', 'short_read', 'illumina'),
       (10, 10, 'incomplete', 'S13233', 6, 1626, 'A00516_0178', '2021-08-17',
        'SureSelect Custom DNA Target', '2021-09-12T13:08:00-04:00', '2021-09-12T13:08:00-04:00', 'wgs', 'short_read',
        'illumina'),
       (11, 11, 'completed', 'S13234', 6, 1627, 'A00516_0179', '2021-08-17',
        'SureSelect Custom DNA Target', '2021-09-12T13:08:00-04:00', '2021-09-12T13:08:00-04:00', 'wgs', 'short_read',
        'illumina'),
       (12, 12, 'completed', 'S13235', 6, 1628, 'A00516_0180', '2021-08-17',
        'SureSelect Custom DNA Target', '2021-09-12T13:08:00-04:00', '2021-09-12T13:08:00-04:00', 'wgs', 'short_read',
        'illumina'),
       (13, 13, 'in_progress', 'S13236', 6, 1629, 'A00516_0181', '2021-08-17', 'SureSelect Custom DNA Target',
        '2021-09-12T13:08:00-04:00', '2021-09-12T13:08:00-04:00', 'wgs', 'short_read', 'illumina'),
       (14, 14, 'completed', 'S13237', 6, 1630, 'A00516_0182', '2021-08-17',
        'SureSelect Custom DNA Target', '2021-09-12T13:08:00-04:00', '2021-09-12T13:08:00-04:00', 'wgs', 'short_read',
        'illumina'),
       (15, 15, 'completed', 'S13238', 6, 1631, 'A00516_0183', '2021-08-17',
        'SureSelect Custom DNA Target', '2021-09-12T13:08:00-04:00', '2021-09-12T13:08:00-04:00', 'wgs', 'short_read',
        'illumina'),
       (16, 16, 'draft', 'S14029', 6, 1632, 'A00516_0184', '2021-08-17', 'SureSelect Custom DNA Target',
        '2021-09-12T13:08:00-04:00', '2021-09-12T13:08:00-04:00', 'wgs', 'short_read', 'illumina'),
       (17, 17, 'completed', 'S14030', 6, 1633, 'A00516_0185', '2021-08-17',
        'SureSelect Custom DNA Target', '2021-09-12T13:08:00-04:00', '2021-09-12T13:08:00-04:00', 'wgs', 'short_read',
        'illumina'),
       (18, 18, 'completed', 'S14031', 6, 1634, 'A00516_0186', '2021-08-17',
        'SureSelect Custom DNA Target', '2021-09-12T13:08:00-04:00', '2021-09-12T13:08:00-04:00', 'wgs', 'short_read',
        'illumina'),
       (19, 19, 'revoke', 'S14048', 6, 1635, 'A00516_0187', '2021-08-17', 'SureSelect Custom DNA Target',
        '2021-09-12T13:08:00-04:00', '2021-09-12T13:08:00-04:00', 'wgs', 'short_read', 'illumina'),
       (20, 20, 'completed', 'S14049', 6, 1636, 'A00516_0188', '2021-08-17',
        'SureSelect Custom DNA Target', '2021-09-12T13:08:00-04:00', '2021-09-12T13:08:00-04:00', 'wgs', 'short_read',
        'illumina'),
       (21, 21, 'completed', 'S14050', 6, 1637, 'A00516_0189', '2021-08-17',
        'SureSelect Custom DNA Target', '2021-09-12T13:08:00-04:00', '2021-09-12T13:08:00-04:00', 'wgs', 'short_read',
        'illumina'),
       (22, 22, 'submitted', 'HG00513', 6, 1638, 'A00516_0190', '2021-08-17',
        'SureSelect Custom DNA Target', '2021-09-12T13:08:00-04:00', '2021-09-12T13:08:00-04:00', 'wgs', 'short_read',
        'illumina'),
       (23, 23, 'in_progress', 'S14131', 6, 1639, 'A00516_0191', '2021-08-17', 'SureSelect Custom DNA Target',
        '2021-09-12T13:08:00-04:00', '2021-09-12T13:08:00-04:00', 'wgs', 'short_read', 'illumina'),
       (24, 24, 'completed', 'S14132', 6, 1640, 'A00516_0192', '2021-08-17',
        'SureSelect Custom DNA Target', '2021-09-12T13:08:00-04:00', '2021-09-12T13:08:00-04:00', 'wgs', 'short_read',
        'illumina'),
       (25, 25, 'completed', 'S14133', 6, 1641, 'A00516_0193', '2021-08-17',
        'SureSelect Custom DNA Target', '2021-09-12T13:08:00-04:00', '2021-09-12T13:08:00-04:00', 'wgs', 'short_read',
        'illumina'),
       (26, 26, 'in_progress', 'S14134', 6, 1642, 'A00516_0194', '2021-08-17', 'SureSelect Custom DNA Target',
        '2021-09-12T13:08:00-04:00', '2021-09-12T13:08:00-04:00', 'wgs', 'short_read', 'illumina'),
       (27, 27, 'completed', 'S14135', 6, 1643, 'A00516_0195', '2021-08-17',
        'SureSelect Custom DNA Target', '2021-09-12T13:08:00-04:00', '2021-09-12T13:08:00-04:00', 'wgs', 'short_read',
        'illumina'),
       (28, 28, 'completed', 'S14136', 6, 1644, 'A00516_0196', '2021-08-17',
        'SureSelect Custom DNA Target', '2021-09-12T13:08:00-04:00', '2021-09-12T13:08:00-04:00', 'wgs', 'short_read',
        'illumina'),
       (29, 29, 'in_progress', 'S14137', 6, 1645, 'A00516_0197', '2021-08-17', 'SureSelect Custom DNA Target',
        '2021-09-12T13:08:00-04:00', '2021-09-12T13:08:00-04:00', 'wgs', 'short_read', 'illumina'),
       (30, 30, 'incomplete', 'S14138', 6, 1646, 'A00516_0198', '2021-08-17',
        'SureSelect Custom DNA Target', '2021-09-12T13:08:00-04:00', '2021-09-12T13:08:00-04:00', 'wgs', 'short_read',
        'illumina'),
       (31, 31, 'incomplete', 'S14139', 6, 1647, 'A00516_0199', '2021-08-17',
        'SureSelect Custom DNA Target', '2021-09-12T13:08:00-04:00', '2021-09-12T13:08:00-04:00', 'wgs', 'short_read',
        'illumina'),
       (32, 32, 'completed', 'S14691', 6, 1648, 'A00516_0200', '2021-08-17',
        'SureSelect Custom DNA Target', '2021-09-12T13:08:00-04:00', '2021-09-12T13:08:00-04:00', 'wgs', 'short_read',
        'illumina'),
       (33, 33, 'completed', 'S14692', 6, 1649, 'A00516_0201', '2021-08-17',
        'SureSelect Custom DNA Target', '2020-09-12T13:08:00-04:00', '2020-09-12T13:08:00-04:00', 'wgs', 'short_read',
        'illumina'),
       (34, 34, 'completed', 'S14693', 6, 1650, 'A00516_0202', '2021-08-17',
        'SureSelect Custom DNA Target', '2020-09-12T13:08:00-04:00', '2020-09-12T13:08:00-04:00', 'wgs', 'short_read',
        'illumina'),
       (35, 35, 'in_progress', 'S14711', 6, 1651, 'A00516_0203', '2021-08-17', 'SureSelect Custom DNA Target',
        '2020-09-12T13:08:00-04:00', '2020-09-12T13:08:00-04:00', 'wgs', 'short_read', 'illumina'),
       (36, 36, 'submitted', 'S14712', 6, 1652, 'A00516_0204', '2021-08-17',
        'SureSelect Custom DNA Target', '2020-09-12T13:08:00-04:00', '2020-09-12T13:08:00-04:00', 'wgs', 'short_read',
        'illumina'),
       (37, 37, 'submitted', 'S14713', 6, 1653, 'A00516_0205', '2021-08-17',
        'SureSelect Custom DNA Target', '2020-09-12T13:08:00-04:00', '2020-09-12T13:08:00-04:00', 'wgs', 'short_read',
        'illumina'),
       (38, 38, 'in_progress', 'S14730', 6, 1654, 'A00516_0206', '2021-08-17', 'SureSelect Custom DNA Target',
        '2020-09-12T13:08:00-04:00', '2020-09-12T13:08:00-04:00', 'wgs', 'short_read', 'illumina'),
       (39, 39, 'submitted', 'S14731', 6, 1655, 'A00516_0207', '2021-08-17',
        'SureSelect Custom DNA Target', '2020-09-12T13:08:00-04:00', '2020-09-12T13:08:00-04:00', 'wgs', 'short_read',
        'illumina'),
       (40, 40, 'submitted', 'S14732', 6, 1656, 'A00516_0208', '2021-08-17',
        'SureSelect Custom DNA Target', '2020-09-12T13:08:00-04:00', '2020-09-12T13:08:00-04:00', 'wgs', 'short_read',
        'illumina'),
       (41, 41, 'in_progress', 'S14741', 6, 1657, 'A00516_0209', '2021-08-17', 'SureSelect Custom DNA Target',
        '2020-09-12T13:08:00-04:00', '2020-09-12T13:08:00-04:00', 'wgs', 'short_read', 'illumina'),
       (42, 42, 'submitted', 'S14742', 6, 1658, 'A00516_0210', '2021-08-17',
        'SureSelect Custom DNA Target', '2020-09-12T13:08:00-04:00', '2020-09-12T13:08:00-04:00', 'wgs', 'short_read',
        'illumina'),
       (43, 43, 'submitted', 'S14743', 6, 1659, 'A00516_0211', '2021-08-17',
        'SureSelect Custom DNA Target', '2020-09-12T13:08:00-04:00', '2020-09-12T13:08:00-04:00', 'wgs', 'short_read',
        'illumina'),
       (44, 44, 'in_progress', 'S14744', 6, 1660, 'A00516_0212', '2021-08-17', 'SureSelect Custom DNA Target',
        '2020-09-12T13:08:00-04:00', '2020-09-12T13:08:00-04:00', 'wgs', 'short_read', 'illumina'),
       (45, 45, 'submitted', 'S14745', 6, 1661, 'A00516_0213', '2021-08-17',
        'SureSelect Custom DNA Target', '2020-09-12T13:08:00-04:00', '2020-09-12T13:08:00-04:00', 'wgs', 'short_read',
        'illumina'),
       (46, 46, 'submitted', 'S14746', 6, 1662, 'A00516_0214', '2021-08-17',
        'SureSelect Custom DNA Target', '2020-09-12T13:08:00-04:00', '2020-09-12T13:08:00-04:00', 'wgs', 'short_read',
        'illumina'),
       (47, 47, 'in_progress', 'S14747', 6, 1663, 'A00516_0215', '2021-08-17', 'SureSelect Custom DNA Target',
        '2020-09-12T13:08:00-04:00', '2020-09-12T13:08:00-04:00', 'wgs', 'short_read', 'illumina'),
       (48, 48, 'submitted', 'S14748', 6, 1664, 'A00516_0216', '2021-08-31',
        'SureSelect Custom DNA Target', '2020-09-12T13:08:00-04:00', '2020-09-12T13:08:00-04:00', 'wgs', 'short_read',
        'illumina'),
       (49, 49, 'submitted', 'S14749', 6, 1665, 'A00516_0217', '2021-08-31',
        'SureSelect Custom DNA Target', '2020-09-12T13:08:00-04:00', '2020-09-12T13:08:00-04:00', 'wgs', 'short_read',
        'illumina'),
       (50, 50, 'submitted', 'S14750', 6, 1666, 'A00516_0218', '2021-08-31',
        'SureSelect Custom DNA Target', '2020-09-12T13:08:00-04:00', '2020-09-12T13:08:00-04:00', 'wgs', 'short_read',
        'illumina'),
       (51, 51, 'submitted', 'S14751', 6, 1667, 'A00516_0219', '2021-08-31',
        'SureSelect Custom DNA Target', '2020-09-12T13:08:00-04:00', '2020-09-12T13:08:00-04:00', 'wgs', 'short_read',
        'illumina'),
       (52, 52, 'submitted', 'S14752', 6, 1668, 'A00516_0220', '2021-08-31',
        'SureSelect Custom DNA Target', '2020-09-12T13:08:00-04:00', '2020-09-12T13:08:00-04:00', 'wgs', 'short_read',
        'illumina'),
       (53, 53, 'completed', 'S14756', 6, 1669, 'A00516_0221', '2021-08-31',
        'SureSelect Custom DNA Target', '2020-09-12T13:08:00-04:00', '2020-09-12T13:08:00-04:00', 'wgs', 'short_read',
        'illumina'),
       (54, 54, 'submitted', 'S14757', 6, 1670, 'A00516_0222', '2021-08-31',
        'SureSelect Custom DNA Target', '2020-09-12T13:08:00-04:00', '2020-09-12T13:08:00-04:00', 'wgs', 'short_read',
        'illumina'),
       (55, 55, 'submitted', 'S14758', 6, 1671, 'A00516_0223', '2021-08-31',
        'SureSelect Custom DNA Target', '2020-09-12T13:08:00-04:00', '2020-09-12T13:08:00-04:00', 'wgs', 'short_read',
        'illumina'),
       (56, 56, 'completed', 'S14786', 6, 1672, 'A00516_0224', '2021-08-31',
        'SureSelect Custom DNA Target', '2020-09-12T13:08:00-04:00', '2020-09-12T13:08:00-04:00', 'wgs', 'short_read',
        'illumina'),
       (57, 57, 'submitted', 'S14787', 6, 1673, 'A00516_0225', '2021-08-31',
        'SureSelect Custom DNA Target', '2020-09-12T13:08:00-04:00', '2020-09-12T13:08:00-04:00', 'wgs', 'short_read',
        'illumina'),
       (58, 58, 'submitted', 'S14788', 6, 1674, 'A00516_0226', '2021-08-31',
        'SureSelect Custom DNA Target', '2020-09-12T13:08:00-04:00', '2020-09-12T13:08:00-04:00', 'wgs', 'short_read',
        'illumina'),
       (59, 59, 'in_progress', 'S14857', 6, 1675, 'A00516_0227', '2021-08-31', 'SureSelect Custom DNA Target',
        '2020-09-12T13:08:00-04:00', '2020-09-12T13:08:00-04:00', 'wgs', 'short_read', 'illumina'),
       (60, 60, 'submitted', 'S14858', 6, 1676, 'A00516_0228', '2021-08-31',
        'SureSelect Custom DNA Target', '2020-09-12T13:08:00-04:00', '2020-09-12T13:08:00-04:00', 'wgs', 'short_read',
        'illumina'),
       (61, 61, 'submitted', 'S14859', 6, 1677, 'A00516_0229', '2021-08-31',
        'SureSelect Custom DNA Target', '2020-09-12T13:08:00-04:00', '2020-09-12T13:08:00-04:00', 'wgs', 'short_read',
        'illumina'),
       (70, 1, 'completed', 'NA12892', 6, 1617, 'A00516_0169', '2021-08-17', 'SureSelect Custom DNA Target',
        '2021-09-12T13:08:00-04:00', '2021-09-12T13:08:00-04:00', 'wgs', 'short_read', 'illumina'),
       (71, 2, 'completed', 'NA12891', 6, 1618, 'A00516_0170', '2021-08-17', 'SureSelect Custom DNA Target',
        '2021-09-12T13:08:00-04:00', '2021-09-12T13:08:00-04:00', 'wgs', 'short_read', 'illumina'),
       (72, 3, 'completed', 'NA12878', 6, 1619, 'A00516_0171', '2021-08-17', 'SureSelect Custom DNA Target',
        '2021-09-12T13:08:00-04:00', '2021-09-12T13:08:00-04:00', 'wgs', 'short_read', 'illumina')
ON CONFLICT (id) DO NOTHING;

INSERT INTO "case_has_sequencing_experiment" (sequencing_experiment_id, case_id)
VALUES (1, 1),
       (2, 1),
       (3, 1),
       (4, 2),
       (5, 2),
       (6, 2),
       (7, 3),
       (8, 3),
       (9, 3),
       (10, 4),
       (11, 4),
       (12, 4),
       (13, 5),
       (14, 5),
       (15, 5),
       (16, 6),
       (17, 6),
       (18, 6),
       (19, 7),
       (20, 7),
       (21, 7),
       (22, 8),
       (23, 9),
       (24, 9),
       (25, 9),
       (26, 10),
       (27, 10),
       (28, 10),
       (29, 11),
       (30, 11),
       (31, 11),
       (32, 12),
       (33, 12),
       (34, 12),
       (35, 13),
       (36, 13),
       (37, 13),
       (38, 14),
       (39, 14),
       (40, 14),
       (41, 15),
       (42, 15),
       (43, 15),
       (44, 16),
       (45, 16),
       (46, 16),
       (47, 17),
       (48, 17),
       (49, 17),
       (50, 18),
       (51, 18),
       (52, 18),
       (53, 19),
       (54, 19),
       (55, 19),
       (56, 20),
       (57, 20),
       (58, 20),
       (59, 21),
       (60, 21),
       (61, 21),
       (70, 70),
       (71, 70),
       (72, 70)
ON CONFLICT (case_id, sequencing_experiment_id) DO NOTHING;

INSERT INTO "task_context" (task_id, sequencing_experiment_id, case_id)
VALUES (1, 1, NULL),
       (2, 2, NULL),
       (3, 3, NULL),
       (4, 1, 1),
       (4, 2, 1),
       (4, 3, 1),
       (5, 1, 1),
       (5, 2, 1),
       (5, 3, 1),
       (6, 1, 1),
       (7, 2, 1),
       (8, 3, 1),

       (11, 4, NULL),
       (12, 5, NULL),
       (13, 6, NULL),

       (14, 7, NULL),
       (15, 8, NULL),
       (16, 9, NULL),

       (17, 10, NULL),
       (18, 11, NULL),
       (19, 12, NULL),

       (20, 13, NULL),
       (21, 14, NULL),
       (22, 15, NULL),

       (23, 16, NULL),
       (24, 17, NULL),
       (25, 18, NULL),

       (26, 19, NULL),
       (27, 20, NULL),
       (28, 21, NULL),

       (29, 22, NULL),
       (30, 22, NULL),
       (31, 22, 8),

       (32, 23, NULL),
       (33, 24, NULL),
       (34, 25, NULL),

       (35, 26, NULL),
       (36, 27, NULL),
       (37, 28, NULL),

       (38, 29, NULL),
       (39, 30, NULL),
       (40, 31, NULL),

       (41, 32, NULL),
       (42, 33, NULL),
       (43, 34, NULL),

       (44, 35, NULL),
       (45, 36, NULL),
       (46, 37, NULL),

       (47, 38, NULL),
       (48, 39, NULL),
       (49, 40, NULL),

       (50, 41, NULL),
       (51, 42, NULL),
       (52, 43, NULL),

       (53, 44, NULL),
       (54, 45, NULL),
       (55, 46, NULL),

       (56, 47, NULL),
       (57, 48, NULL),
       (58, 49, NULL),

       (59, 50, NULL),
       (60, 51, NULL),
       (61, 52, NULL),

       (62, 53, NULL),
       (63, 54, NULL),
       (64, 55, NULL),

       (65, 56, NULL),
       (66, 57, NULL),
       (67, 58, NULL),

       (68, 59, NULL),
       (69, 60, NULL),
       (70, 61, NULL),

       (71, 70, 70),
       (72, 71, 70),
       (73, 72, 70)
ON CONFLICT(task_id, sequencing_experiment_id, case_id) DO NOTHING;

INSERT INTO "interpretation_germline" (sequencing_id, case_id, locus_id, transcript_id, condition, classification, classification_criterias, transmission_modes, updated_at)
VALUES ('1', '1', '1000', 'T001', 'MONDO:0000001', 'LA6668-3', 'PM1', 'autosomal_dominant_de_novo', '2025-05-23 14:57:36.0'),
       ('1', '1', '1000', 'T002', 'MONDO:0000002', 'LA6675-8', 'PM1,PM2', 'autosomal_dominant_de_novo', '2025-06-30 15:51:29.0'),
       ('2', '1', '1000', 'T001', 'MONDO:0000001', 'LA26332-9', 'PS1,PM1,PP2', 'autosomal_dominant_de_novo,x_linked_dominant_de_novo', '2025-06-27 19:51:00.0')
ON CONFLICT (sequencing_id, locus_id, transcript_id) DO NOTHING;

-- Reset sequences to prevent duplicate key errors when inserting new records
SELECT setval('document_id_seq', (SELECT MAX(id) FROM document));
SELECT setval('organization_id_seq', (SELECT MAX(id) FROM organization));
SELECT setval('project_id_seq', (SELECT MAX(id) FROM project));
SELECT setval('patient_id_seq', (SELECT MAX(id) FROM patient));
SELECT setval('sample_id_seq', (SELECT MAX(id) FROM sample));
SELECT setval('task_id_seq', (SELECT MAX(id) FROM task));
SELECT setval('cases_id_seq', (SELECT MAX(id) FROM cases));
SELECT setval('family_id_seq', (SELECT MAX(id) FROM family));
SELECT setval('obs_categorical_id_seq', (SELECT MAX(id) FROM obs_categorical));
SELECT setval('sequencing_experiment_id_seq', (SELECT MAX(id) FROM sequencing_experiment));