research_id,age_at_vital_status_days,vital_status
C1002081,2640,deceased
C1003065,6264,alive
C1003188,7224,alive
C1010076,1187,deceased
C1010445,756,deceased
C101721,652,deceased
C1026804,7311,deceased
C103074,8657,alive
C104058,6190,alive
C1044147,395,alive
C104427,1519,deceased
C1054725,5114,alive
C1057185,7881,deceased
C1063458,4791,alive
C1070223,8492,alive
C1070346,1862,deceased
C1075635,3549,alive
C1100235,554,alive
C1155462,2971,deceased
C115743,1267,deceased
C1168131,4957,alive
C1183875,9112,alive
C121893,411,deceased
C1235904,2474,alive
C1253493,3423,alive
C1253862,5143,deceased
C1265301,351,deceased
C1277601,1992,alive
C129642,2638,alive
C129765,4491,alive
C138498,3997,alive
C141942,1273,alive
C143172,8164,alive
C144402,1696,deceased
C145017,389,deceased
C147477,6342,alive
C147969,5392,alive
C148215,6122,alive
C148707,575,alive
C149076,560,deceased
C149568,227,deceased
C15252,3941,alive
C153135,5627,alive
C169863,3773,deceased
C171462,5431,alive
C175398,1705,deceased
C177981,9421,deceased
C178227,1481,deceased
C179088,3870,alive
C179703,1711,alive
C179826,3198,alive
C180441,3122,alive
C18081,990,deceased
C181056,7302,deceased
C181302,3187,alive
C181425,2806,deceased
C182286,3055,alive
C22263,7504,alive
C22755,6627,deceased
C2318673,1690,deceased
C2332203,5782,alive
C2333064,2788,alive
C2333310,806,deceased
C2337369,1345,alive
C2342412,4701,alive
C2346471,5035,alive
C2355081,6552,alive
C2358033,1896,alive
C2381034,8359,alive
C2408832,6293,alive
C2444133,2333,alive
C2457171,,deceased
C2463690,3042,alive
C2509200,4305,alive
C2510307,3788,alive
C2536506,2422,alive
C2541918,6996,alive
C2554956,5553,alive
C2571192,1248,deceased
C2595915,4327,alive
C2607354,1912,alive
C2642040,3175,deceased
C2645484,1871,alive
C2645853,4355,alive
C2646837,3169,deceased
C2653602,3145,deceased
C2660736,3869,alive
C2661843,7529,deceased
C2666394,1574,deceased
C2691978,3288,alive
C2696529,2905,alive
C270723,4294,deceased
C2735274,2228,alive
C2735889,958,alive
C27552,7077,alive
C2833920,1627,deceased
C2834166,2908,alive
C2892714,3198,alive
C2896773,6077,alive
C2897019,3726,alive
C2897142,6173,alive
C29028,6987,alive
C300612,486,deceased
C30135,3148,alive
C312912,7420,deceased
C3164790,603,deceased
C3198492,5241,alive
C3203904,5131,alive
C3224691,6655,alive
C3379056,6002,alive
C3380901,816,alive
C3388527,1506,alive
C3400827,5200,alive
C3405132,3592,alive
C3406239,1682,deceased
C3410298,6681,alive
C3410913,1757,deceased
C3411282,0,alive
C3418416,1479,alive
C3420753,4328,deceased
C3436989,616,alive
C3519645,1429,deceased
C3521244,253,alive
C3522105,7124,alive
C3544368,682,alive
C3544737,4971,deceased
C3559497,2940,alive
C3567000,3214,alive
C3572043,3163,alive
C3613125,989,alive
C3613248,5495,alive
C3613371,1032,alive
C3613617,2486,alive
C3613740,1420,alive
C3614109,3162,alive
C3614478,1792,alive
C3631698,11191,alive
C3634281,1337,deceased
C3638340,4896,alive
C3653469,2061,alive
C3665154,8134,alive
C3735510,7526,alive
C3749286,5168,alive
C3753468,4594,alive
C3755928,7059,alive
C3775608,1875,alive
C3776100,2563,alive
C3841167,3932,alive
C3859863,5597,alive
C3875238,1830,deceased
C3924192,5885,alive
C3941166,1316,deceased
C396552,2083,alive
C3980157,5282,alive
C398643,1262,deceased
C40098,1850,alive
C4028742,2583,alive
C4031571,2657,deceased
C4031694,4741,alive
C4053834,2295,alive
C4076097,687,alive
C4082862,9015,alive
C4085199,1789,alive
C4097622,563,deceased
C4105248,4081,deceased
C4105371,4488,alive
C4105494,2232,deceased
C4105863,5519,deceased
C4106970,3018,alive
C411066,3336,alive
C4120869,,deceased
C4123821,5493,alive
C41328,13585,alive
C4153095,7363,alive
C4174251,4590,deceased
C4190856,8030,alive
C419553,9048,alive
C4261089,4396,alive
C4274373,8012,alive
C4309428,4789,deceased
C432222,495,alive
C4420251,1433,alive
C44403,2345,alive
C4463301,3415,alive
C4463916,1921,alive
C4483473,2174,alive
C4513239,4121,alive
C4704750,707,alive
C4729473,1485,alive
C4744725,2422,alive
C477240,3986,alive
C48216,5616,alive
C4889496,2594,deceased
C4974243,4817,alive
C5022090,5977,deceased
C50799,8816,alive
C5136234,6456,alive
C5137218,2688,alive
C5259849,5819,alive
C528900,1126,deceased
C530622,2162,deceased
C5360832,2257,alive
C5361078,4748,alive
C537141,4808,deceased
C540462,1488,alive
C540585,4048,deceased
C542061,10135,deceased
C543045,3712,alive
C547965,1431,deceased
C548457,4565,deceased
C550056,5565,alive
C553131,2806,alive
C5555664,2150,deceased
C557682,2781,alive
C558051,3349,alive
C56211,5482,deceased
C563340,1402,deceased
C563709,11231,deceased
C5700066,5647,deceased
C5792193,861,deceased
C5801049,1549,alive
C5889978,1995,alive
C5964147,3274,alive
C6009411,3112,alive
C603069,626,deceased
C607005,5172,alive
C614016,1498,alive
C6176814,3608,alive
C617952,7971,alive
C618813,532,alive
C6192804,2758,alive
C6193173,3348,alive
C6316173,1137,deceased
C6345324,3194,alive
C6433392,951,alive
C6476073,5441,alive
C648333,3703,alive
C6513219,3892,alive
C652638,5054,alive
C6528102,,alive
C6715062,1270,alive
C6715554,6540,alive
C6769797,4236,alive
C6830928,2408,alive
C6854052,1306,alive
C6908049,1704,deceased
C698517,2083,deceased
C698640,424,deceased
C699378,7065,alive
C7008048,2497,alive
C701223,3762,deceased
C701838,4271,deceased
C710325,3475,alive
C7111983,4588,deceased
C7125882,737,alive
C7223175,5045,alive
C7223913,1239,alive
C7226127,3627,alive
C7227111,1901,alive
C7227234,6794,alive
C7227726,5735,alive
C7272867,2971,alive
C7274835,2358,alive
C7333629,2692,alive
C7348512,5604,alive
C7351464,3078,alive
C7369791,2763,alive
C7374957,4399,alive
C7401894,2191,alive
C740214,8365,alive
C740337,4459,deceased
C7415547,4359,alive
C7415670,2438,alive
C7467576,1796,alive
C752883,12996,alive
C7532766,5930,alive
C75399,6200,deceased
C7543467,3336,deceased
C7592175,3793,alive
C7611978,1677,alive
C76875,7336,alive
C7705950,4805,alive
C773424,2511,alive
C7749984,951,alive
C7758717,1588,alive
C782649,6931,alive
C782895,5310,alive
C7842726,2506,alive
C7862775,4126,alive
C7935837,690,alive
C7947891,3126,alive
C798270,3580,alive
C8028333,3497,deceased
C8028456,340,deceased
C8104962,3322,alive
C8128455,3110,alive
C8150718,3305,deceased
C8167077,2857,alive
C817950,3045,alive
C8197950,1480,alive
C823608,167,alive
C823731,4406,alive
C836769,4929,deceased
C837630,2913,deceased
C8379990,4551,alive
C8398932,6878,alive
C8405943,3712,alive
C8419104,803,alive
C8427960,1327,deceased
C8474331,1693,alive
C851283,,deceased
C8578635,199,alive
C8579619,1837,alive
C8659569,1821,alive
C8732877,5822,alive
C8778633,194,alive
C886092,1943,deceased
C908478,1300,deceased
C914505,4994,deceased
C921639,1990,deceased
C960999,7097,deceased
C964566,3983,alive
C96801,6661,alive
C973545,3348,deceased
C979203,1008,alive
C992610,3520,alive
C99507,5308,alive
C99630,8489,alive
C997653,1288,deceased
C1014381,6253,alive
C1025205,1105,deceased
C1031847,3248,alive
C1038366,983,deceased
C105042,4243,alive
C1056939,4407,alive
C1066164,4178,alive
C1070100,7985,alive
C1070838,4688,deceased
C112791,7462,alive
C1154847,1663,alive
C1155585,5072,deceased
C1168623,2902,alive
C1188918,5142,deceased
C1189041,403,deceased
C122262,3655,deceased
C1223973,5243,alive
C1229139,983,alive
C1262718,4069,deceased
C129273,1816,deceased
C129888,6063,alive
C130257,1605,alive
C130380,5861,alive
C138006,6669,alive
C141696,5750,deceased
C142803,1458,alive
C143418,5470,alive
C144033,994,deceased
C144525,609,deceased
C144648,199,deceased
C144771,89,deceased
C145140,1141,alive
C148830,3185,alive
C149199,6082,alive
C153504,5936,alive
C154365,7983,alive
C169248,9081,alive
C169371,8208,alive
C170232,8363,alive
C173799,4640,alive
C17466,7532,alive
C175521,4674,alive
C178104,1599,alive
C178473,1696,alive
C178596,3113,alive
C180072,949,alive
C180564,7532,alive
C180933,2369,alive
C181179,809,deceased
C183270,1060,deceased
C183516,4772,deceased
C18819,1000,deceased
C196554,840,deceased
C216603,8282,deceased
C217095,6895,alive
C226074,2393,alive
C2313753,2345,alive
C2322117,2565,alive
C2338845,6424,alive
C2358156,3567,alive
C2404773,4469,alive
C2405388,318,deceased
C2407602,3771,alive
C24108,1919,alive
C2419410,4314,alive
C2438598,4154,alive
C2442411,1703,deceased
C2446101,1369,deceased
C245754,9560,alive
C2460369,2241,alive
C2488167,3029,alive
C2488782,2832,deceased
C2501205,3086,alive
C2539827,2151,alive
C2548560,6350,alive
C2552619,6975,alive
C2568609,4251,alive
C2571315,3069,alive
C2602680,1976,deceased
C2645607,7990,alive
C2658645,0,deceased
C2684844,1441,alive
C2690133,1242,alive
C2694069,2690,deceased
C270354,349,deceased
C2723712,290,deceased
C2735151,4359,alive
C2740809,1883,alive
C2746098,5661,alive
C2774019,2647,deceased
C2783613,1561,alive
C2786688,2243,deceased
C2852616,6220,alive
C2898495,3398,alive
C292371,882,alive
C298890,6302,deceased
C3003906,181,deceased
C3084963,1605,deceased
C3169587,4566,alive
C3199845,2753,deceased
C3207963,370,alive
C3224814,2433,alive
C3230472,1095,alive
C3253719,1789,alive
C3279303,3461,alive
C3335145,4840,deceased
C3374259,6999,deceased
C3376596,5449,alive
C3376842,2881,alive
C3400950,2164,alive
C3405255,4807,alive
C3409560,2806,alive
C3411651,8979,alive
C3430101,5596,alive
C3461835,4318,deceased
C3466755,7842,alive
C3473397,1637,alive
C3474996,9307,deceased
C3552978,4079,deceased
C3559989,3858,deceased
C3571674,3918,alive
C3587418,2113,alive
C3588648,3861,alive
C3612879,2021,alive
C3613002,3054,alive
C3613863,952,alive
C3614355,2272,alive
C3614601,5516,alive
C3614724,1923,alive
C3615093,4197,alive
C3638586,2334,alive
C3641169,858,deceased
C3651747,4199,alive
C3653715,4378,alive
C3678069,3372,alive
C3680160,5666,deceased
C371583,6309,alive
C3732066,3029,deceased
C374412,713,deceased
C3755559,1160,deceased
C3767367,5292,alive
C3769950,3641,alive
C3777699,4732,alive
C3808818,6188,alive
C3905865,4232,alive
C3943503,2603,alive
C3971178,4862,alive
C39729,4705,alive
C4021731,1253,alive
C4024806,2788,alive
C4033539,1595,deceased
C4034523,2284,deceased
C4049406,4287,alive
C4053957,4891,alive
C4059861,1516,alive
C4062321,5693,alive
C4062936,1939,deceased
C406761,1471,deceased
C409836,1680,alive
C4103649,2277,alive
C4104018,753,alive
C4105125,5277,alive
C4107216,7720,alive
C4107708,3047,alive
C4108077,6432,deceased
C4113366,4357,alive
C4122099,8619,alive
C4122345,1531,alive
C4122468,1556,alive
C4124928,1035,alive
C4127634,3521,alive
C4154940,2605,deceased
C4161705,1833,alive
C417585,4397,alive
C4274742,5768,alive
C4274865,5893,alive
C4274988,2835,alive
C4309674,2534,alive
C4470927,933,deceased
C4548909,7224,alive
C45879,3342,alive
C466293,2460,deceased
C4719387,1342,alive
C478962,5674,alive
C4853457,5898,alive
C4853703,5554,alive
C4874367,1640,alive
C4964157,1967,alive
C50184,7250,alive
C5027502,180,deceased
C515124,9320,alive
C5154930,2137,deceased
C522504,7914,alive
C52890,7701,alive
C5291214,5250,alive
C529515,1127,deceased
C533082,5235,deceased
C5332419,6179,alive
C542307,8129,alive
C54366,8887,deceased
C543906,3561,alive
C5490228,4186,alive
C5490351,4354,alive
C5490597,4809,deceased
C5492565,5776,alive
C551040,6362,deceased
C552762,4018,deceased
C55350,4197,deceased
C558420,2463,alive
C558912,1255,deceased
C5594286,9477,deceased
C55965,5571,deceased
C5623560,1879,deceased
C57564,7474,alive
C5801172,1995,alive
C58548,6144,alive
C587325,749,deceased
C58917,1664,deceased
C6002523,3084,alive
C602700,5005,alive
C6067590,6258,deceased
C607251,2009,alive
C618567,6451,alive
C6201168,2240,alive
C6201291,5133,deceased
C6207441,3545,alive
C622257,2031,deceased
C625086,6703,alive
C6254181,4093,alive
C626193,532,deceased
C6431055,4438,deceased
C647349,1575,deceased
C6512727,1852,alive
C6519123,4306,deceased
C654114,129,alive
C6695874,2028,alive
C6735357,5430,alive
C676746,10123,alive
C6784065,6563,alive
C6809526,14756,deceased
C6830682,3671,alive
C692613,5337,alive
C6929451,5530,deceased
C6995994,642,alive
C7026006,2328,alive
C7037568,2975,alive
C7041012,3497,alive
C7093902,1092,alive
C7104972,1272,deceased
C7226496,6071,alive
C7226865,3002,alive
C7226988,4325,alive
C7227357,3496,deceased
C72570,4180,deceased
C7271391,1254,alive
C7271637,3718,alive
C7272621,371,alive
C7273605,3553,alive
C7273851,622,alive
C7376187,4383,alive
C7376433,1714,alive
C741198,5295,alive
C7411980,5692,alive
C7415055,7972,alive
C7422312,3345,alive
C7424157,2184,deceased
C7424772,3266,alive
C743535,2573,alive
C7456383,3094,alive
C7467822,709,alive
C7468191,3106,alive
C7542975,2935,alive
C7559334,739,deceased
C7612224,1029,deceased
C7617267,2204,alive
C7638177,6166,alive
C7687131,3348,alive
C7705827,6252,alive
C773793,1540,alive
C7754535,2298,alive
C7769295,3302,alive
C7784301,4332,alive
C7817511,1391,alive
C7817757,6164,alive
C7848753,1609,alive
C7860561,3794,deceased
C7901274,3238,alive
C794457,6187,alive
C7953795,2722,alive
C797655,5464,alive
C8013204,4501,alive
C8105085,3353,alive
C8183559,3490,alive
C81918,1542,deceased
C820287,3159,alive
C82164,4942,alive
C8241861,6690,alive
C83517,5106,alive
C8432019,2380,alive
C8432142,994,alive
C8492412,6369,alive
C849561,4087,alive
C850914,,deceased
C8516028,2003,alive
C8527467,3760,alive
C854112,2437,deceased
C8579127,735,alive
C8579373,1297,alive
C85854,1098,deceased
C8607048,2876,alive
C8622177,2645,alive
C8626851,3262,alive
C876375,266,deceased
C912414,6204,alive
C912660,3853,deceased
C923607,4537,alive
C942672,4917,alive
C973914,4592,alive
C974037,1600,alive
C974652,3562,deceased
C979695,3385,alive
C994701,967,deceased
C1032093,1343,deceased
C1036644,965,deceased
C1057431,5356,alive
C1060629,6444,alive
C1064319,5457,alive
C107994,5168,deceased
C1083261,2823,deceased
C1168500,736,alive
C1169730,1529,deceased
C1203063,7484,alive
C1205277,3640,alive
C123123,926,deceased
C1232952,5017,alive
C1248204,3960,alive
C1254600,3356,alive
C129519,3816,alive
C130011,1067,alive
C130134,415,alive
C136653,5294,alive
C140712,2086,deceased
C142557,1970,deceased
C143541,3933,alive
C144894,685,alive
C145263,309,alive
C145386,1561,deceased
C145509,4280,alive
C146247,1545,deceased
C147354,6306,alive
C147846,3361,deceased
C148584,5615,alive
C148953,1042,alive
C153012,3601,deceased
C16113,7581,alive
C170109,6345,alive
C170355,3695,alive
C178350,6041,alive
C178719,2166,deceased
C178965,3559,alive
C179457,3955,alive
C179580,5593,alive
C180195,1335,alive
C180318,1446,alive
C180687,496,alive
C183393,671,deceased
C193110,7272,deceased
C20049,3165,alive
C20910,4966,deceased
C21402,5246,deceased
C21894,6344,alive
C225951,3828,alive
C226443,2586,deceased
C227058,1203,deceased
C22878,6299,deceased
C230994,6520,alive
C2317443,856,alive
C2400222,5066,deceased
C2403912,1423,alive
C2404158,1300,alive
C2414490,4918,alive
C2457294,840,alive
C2457540,534,alive
C2461107,2947,deceased
C2461968,484,deceased
C2479926,4424,deceased
C2492595,5739,alive
C25092,3139,alive
C2536998,3480,alive
C2540442,698,alive
C2544870,7278,alive
C2550528,5001,alive
C2556555,7973,alive
C2567010,4891,deceased
C2567502,76,deceased
C25830,7042,deceased
C2596407,9472,alive
C2605755,1346,alive
C2607600,6994,alive
C2645361,7961,alive
C2694192,898,alive
C2698005,2616,alive
C2698251,3358,alive
C2704155,2058,alive
C2714610,836,alive
C2734905,5068,alive
C2735766,3754,alive
C2769837,2276,alive
C2784966,11566,alive
C2848188,284,deceased
C28905,6510,deceased
C293601,3712,alive
C2981889,4202,deceased
C300858,6368,alive
C303810,5987,alive
C308730,6219,alive
C310206,9722,alive
C3161346,7078,alive
C3203658,5166,alive
C3256302,1229,alive
C3273768,4922,alive
C333453,1113,alive
C3379794,7759,alive
C3379917,6200,alive
C3380286,3370,alive
C3381885,2534,alive
C3382008,2321,alive
C33948,11163,alive
C340341,5799,deceased
C3408822,1918,deceased
C3410544,2356,deceased
C3422106,1961,alive
C3445845,2844,alive
C3464049,2226,alive
C3466878,5570,alive
C3471675,5025,alive
C3473274,1547,alive
C3493200,151,deceased
C3518784,2907,alive
C3612264,2799,alive
C3612387,4615,alive
C3612510,3623,alive
C3613494,2072,alive
C3613986,1715,alive
C3614847,3970,alive
C3614970,3211,alive
C3631329,6071,alive
C3638094,727,alive
C3651501,2218,alive
C3665400,3378,alive
C3706359,133,alive
C3717306,5667,alive
C3732927,1349,deceased
C3736740,4270,alive
C3740799,4365,alive
C3768966,4424,deceased
C3769458,3671,deceased
C377979,11175,alive
C3808695,8726,deceased
C3811647,11832,deceased
C3816813,2020,alive
C3821364,7694,alive
C3860232,2895,alive
C3865521,4858,alive
C3884586,5399,alive
C3904635,6873,alive
C396306,2426,alive
C3979173,6098,alive
C3991596,5457,alive
C4034646,1785,alive
C4063305,8270,deceased
C4065150,4945,alive
C40713,7174,alive
C4073883,2017,alive
C4084953,1920,alive
C409221,722,alive
C4093563,2274,deceased
C4105617,3621,deceased
C4108569,4234,alive
C4110045,,deceased
C4114350,4035,deceased
C4114965,3627,alive
C4115580,5599,alive
C4122591,,deceased
C4124805,1662,alive
C413034,5842,alive
C4133784,1555,alive
C4157892,3508,alive
C4190733,2926,alive
C4220376,861,alive
C4234644,1135,alive
C4316685,5033,alive
C4333905,2887,alive
C4344483,3009,alive
C4345713,4442,alive
C4417668,1764,alive
C4418529,1430,alive
C4472157,1169,alive
C45141,9799,alive
C457560,2513,alive
C4852965,2790,alive
C4853088,1597,alive
C4884084,4299,alive
C49077,8839,alive
C4985313,2979,alive
C5054685,4051,alive
C5136849,7638,alive
C5214954,6526,alive
C5226639,3115,deceased
C5228607,4050,alive
C5254437,2176,deceased
C5259972,2086,deceased
C528285,4383,deceased
C530007,404,alive
C5304498,6841,deceased
C531483,1096,deceased
C533451,976,deceased
C53628,4898,alive
C5489736,513,deceased
C5490105,4047,alive
C549441,6240,deceased
C553500,1036,alive
C554607,2617,deceased
C556575,5628,alive
C557559,7001,deceased
C56088,5659,deceased
C5623068,809,alive
C5623314,6074,deceased
C5624052,149,alive
C5633277,3357,alive
C563586,1642,deceased
C565431,4551,alive
C567522,3685,deceased
C584619,4190,alive
C5935242,1040,alive
C596058,4541,deceased
C59655,6824,alive
C607743,2050,deceased
C6083703,3272,alive
C6109902,1756,alive
C6110148,1225,alive
C618690,5565,alive
C623979,5527,deceased
C626070,639,deceased
C626685,9349,alive
C6277182,1438,alive
C6316296,6271,alive
C6344955,3603,alive
C6345447,320,alive
C6432039,119,alive
C651039,1321,alive
C6538311,2849,deceased
C663708,6394,deceased
C665061,3833,alive
C6693414,3499,alive
C67527,3722,alive
C677115,3698,alive
C6784188,231,alive
C68265,5580,alive
C6889968,2164,alive
C6919980,708,alive
C6958725,1469,alive
C700977,11367,alive
C701469,2165,alive
C705282,2272,alive
C7105095,3843,alive
C7218378,6225,alive
C7219239,4042,alive
C724962,6180,alive
C725331,5497,deceased
C7272990,550,alive
C7273113,5298,alive
C7302756,1883,alive
C7332768,3160,alive
C7351587,942,alive
C7366347,2557,alive
C7366593,2922,alive
C7366716,3688,alive
C7391931,182,deceased
C7400172,1461,alive
C7402140,243,alive
C7422558,3875,alive
C7457490,1368,alive
C7457859,2440,alive
C7483812,2905,alive
C7543221,1444,alive
C7553307,3875,alive
C7559457,6160,alive
C758541,6634,deceased
C7588362,2602,alive
C7596111,1591,alive
C760017,1894,alive
C7706442,2407,deceased
C7706565,3766,alive
C7712346,3112,alive
C7726245,4004,alive
C773547,1076,alive
C7747770,6284,alive
C7768188,1071,deceased
C7775814,2634,alive
C7782456,67,deceased
C7785162,1486,alive
C7831656,3393,alive
C784371,8361,alive
C7863513,787,alive
C7963143,2991,deceased
C8013450,7037,deceased
C8027964,7423,alive
C8104470,4598,alive
C8146167,1808,alive
C8167569,3298,alive
C8205084,2239,deceased
C8219967,1548,alive
C8257113,4841,alive
C8274579,3155,alive
C833202,4004,alive
C8361663,9063,alive
C8435094,1149,alive
C84747,8398,deceased
C851406,4716,alive
C8516766,4270,alive
C8517012,4604,alive
C8578881,1796,alive
C8585400,827,alive
C8660430,2655,alive
C8684907,4983,alive
C870348,1575,alive
C870471,5293,alive
C8776050,1982,alive
C8796099,8,alive
C880803,531,deceased
C8827095,2534,alive
C944886,2609,alive
C948330,8682,alive
C972438,3189,deceased
C982401,2460,alive
C991257,5676,alive
